1,1,177,191,154,190
2,1.414213562,225,202,223,200
3,1.732050808,229,200,233,200
4,2,226,197,217,211
5,2.236067977,238,217,220,211
6,2.449489743,244,218,225,226
7,2.645751311,252,236,228,238
8,2.828427125,250,244,246,238
9,3,250,219,247,229
10,3.16227766,250,220,241,237
11,3.31662479,246,225,247,235
12,3.464101615,250,234,242,238
13,3.605551275,251,238,248,249
14,3.741657387,248,238,253,251
15,3.872983346,248,234,250,254
16,4,250,240,249,252
17,4.123105626,250,243,251,246
18,4.242640687,251,221,252,240
19,4.358898944,249,241,250,253
20,4.472135955,256,274,256,279
21,4.582575695,265,284,271,285
22,4.69041576,267,283,276,288
23,4.795831523,270,286,280,288
24,4.898979486,267,286,279,289
25,5,274,287,283,289
26,5.099019514,276,286,285,289
27,5.196152423,278,287,284,286
28,5.291502622,278,286,284,288
29,5.385164807,278,286,285,284
30,5.477225575,278,286,285,285
31,5.567764363,277,286,281,273
32,5.656854249,276,284,282,226
33,5.744562647,275,283,279,205
34,5.830951895,272,265,276,227
35,5.916079783,271,237,255,165
36,6,269,213,214,153
37,6.08276253,263,113,212,73
38,6.164414003,174,77,105,41
39,6.244997998,77,65,62,27
40,6.32455532,55,57,48,26
41,6.403124237,46,56,44,22
42,6.480740698,44,53,39,15
43,6.557438524,38,48,33,20
44,6.633249581,36,55,33,18
45,6.708203932,30,51,38,13
46,6.782329983,33,51,32,13
47,6.8556546,36,55,36,12
48,6.92820323,44,53,35,13
49,7,51,49,37,12
50,7.071067812,39,45,41,9
51,7.141428429,36,42,42,9
52,7.211102551,33,42,28,20
53,7.280109889,50,42,25,19
54,7.348469228,45,41,27,17
55,7.416198487,42,38,32,18
56,7.483314774,38,38,34,16
57,7.549834435,38,43,27,13
58,7.615773106,38,51,27,10
59,7.681145748,36,48,27,11
60,7.745966692,39,48,35,11
61,7.810249676,34,51,29,9
62,7.874007874,37,51,22,9
63,7.937253933,34,58,19,7
64,8,35,58,20,7
65,8.062257748,39,52,39,7
66,8.124038405,35,45,36,8
67,8.185352772,28,55,26,17
68,8.246211251,34,51,45,13
69,8.306623863,37,51,48,12
70,8.366600265,39,57,34,10
71,8.426149773,40,49,44,9
72,8.485281374,37,54,45,8
73,8.544003745,33,54,42,9
74,8.602325267,31,49,39,10
75,8.660254038,33,47,35,10
76,8.717797887,36,47,40,8
77,8.774964387,37,45,38,9
78,8.831760866,33,48,33,10
79,8.888194417,30,52,24,10
80,8.94427191,33,51,21,9
81,9,40,48,21,9
82,9.055385138,41,58,19,9
83,9.110433579,36,55,35,7
84,9.16515139,39,56,32,8
85,9.219544457,42,47,33,9
86,9.273618495,38,48,30,7
87,9.327379053,38,50,35,6
88,9.38083152,40,48,29,8
89,9.433981132,45,45,26,8
90,9.486832981,43,45,25,8
91,9.539392014,44,50,25,6
92,9.591663047,44,50,27,8
93,9.643650761,43,43,28,9
94,9.695359715,43,45,29,9
95,9.746794345,42,52,30,9
96,9.797958971,41,51,34,10
97,9.848857802,37,54,35,6
98,9.899494937,48,50,36,10
99,9.949874371,49,57,37,8
100,10,46,52,37,8
101,10.04987562,42,54,44,9
102,10.09950494,41,49,42,11
103,10.14889157,42,51,39,13
104,10.19803903,41,47,47,15
105,10.24695077,45,49,48,16
106,10.29563014,48,49,43,15
107,10.34408043,51,49,39,16
108,10.39230485,51,50,41,21
109,10.44030651,45,49,45,21
110,10.48808848,51,52,43,21
111,10.53565375,49,51,43,22
112,10.58300524,49,59,45,27
113,10.63014581,56,54,44,25
114,10.67707825,52,53,45,27
115,10.72380529,54,52,46,28
116,10.77032961,50,54,47,30
117,10.81665383,51,52,46,28
118,10.86278049,57,51,47,26
119,10.90871211,54,48,45,26
120,10.95445115,55,52,41,28
121,11,53,56,42,30
122,11.04536102,55,56,41,30
123,11.09053651,56,60,39,31
124,11.13552873,60,60,37,30
125,11.18033989,59,60,43,29
126,11.22497216,51,59,44,31
127,11.26942767,50,68,43,32
128,11.3137085,49,71,45,30
129,11.35781669,49,70,48,30
130,11.40175425,47,73,46,31
131,11.44552314,56,72,47,33
132,11.48912529,53,67,49,36
133,11.53256259,53,66,53,31
134,11.5758369,48,68,48,31
135,11.61895004,50,65,54,32
136,11.66190379,57,58,57,34
137,11.70469991,55,57,57,35
138,11.74734012,57,58,59,36
139,11.78982612,59,63,62,33
140,11.83215957,55,64,56,34
141,11.87434209,51,67,55,34
142,11.91637529,53,58,53,38
143,11.95826074,49,60,54,38
144,12,50,65,56,39
145,12.04159458,50,66,56,39
146,12.08304597,53,66,53,37
147,12.12435565,51,69,55,39
148,12.16552506,55,66,51,37
149,12.20655562,52,65,54,43
150,12.24744871,56,59,50,42
151,12.28820573,51,62,48,41
152,12.32882801,49,70,51,42
153,12.36931688,47,68,56,41
154,12.40967365,45,62,56,41
155,12.4498996,51,67,53,41
156,12.489996,48,69,58,41
157,12.52996409,47,62,55,40
158,12.56980509,54,62,56,41
159,12.60952021,51,61,49,41
160,12.64911064,53,60,53,41
161,12.68857754,50,58,50,43
162,12.72792206,47,64,52,40
163,12.76714533,52,62,50,41
164,12.80624847,53,61,52,41
165,12.84523258,54,65,54,41
166,12.88409873,57,57,57,42
167,12.92284798,56,56,51,42
168,12.9614814,56,60,58,43
169,13,52,60,59,44
170,13.03840481,55,61,57,44
171,13.07669683,54,63,58,46
172,13.11487705,52,63,58,48
173,13.15294644,53,62,59,46
174,13.19090596,56,59,58,47
175,13.22875656,57,64,52,46
176,13.26649916,52,65,60,49
177,13.3041347,54,64,58,48
178,13.34166406,54,64,62,45
179,13.37908816,60,62,58,47
180,13.41640786,56,65,64,47
181,13.45362405,62,67,65,47
182,13.49073756,64,62,55,48
183,13.52774926,65,62,62,49
184,13.56465997,60,66,60,49
185,13.60147051,59,60,65,49
186,13.6381817,56,59,60,48
187,13.67479433,57,67,64,53
188,13.7113092,57,64,62,53
189,13.74772708,58,66,63,53
190,13.78404875,56,65,60,51
191,13.82027496,58,68,57,53
192,13.85640646,57,66,57,52
193,13.89244399,60,70,58,53
194,13.92838828,60,68,59,53
195,13.96424004,59,69,60,53
196,14,60,63,67,54
197,14.03566885,58,63,66,52
198,14.07124728,54,58,63,50
199,14.10673598,57,61,66,52
200,14.14213562,61,66,63,54
201,14.17744688,61,67,65,53
202,14.2126704,58,71,64,51
203,14.24780685,62,72,66,53
204,14.28285686,66,74,62,54
205,14.31782106,67,72,69,56
206,14.35270009,70,68,68,54
207,14.38749457,69,70,59,54
208,14.4222051,69,70,59,55
209,14.45683229,71,69,59,54
210,14.49137675,69,65,58,55
211,14.52583905,66,65,67,54
212,14.56021978,69,69,66,56
213,14.59451952,68,69,67,57
214,14.62873884,71,68,64,55
215,14.6628783,70,69,59,55
216,14.69693846,66,70,60,55
217,14.73091986,66,78,61,55
218,14.76482306,66,79,69,54
219,14.79864859,65,78,64,53
220,14.83239697,66,78,69,56
221,14.86606875,67,74,73,56
222,14.89966443,69,71,68,56
223,14.93318452,68,73,66,56
224,14.96662955,72,74,76,56
225,15,70,75,76,55
226,15.03329638,66,80,70,57
227,15.06651917,69,79,79,56
228,15.09966887,73,80,78,57
229,15.13274595,74,80,74,57
230,15.16575089,76,79,73,59
231,15.19868415,76,77,75,61
232,15.23154621,76,74,78,62
233,15.26433752,76,76,75,63
234,15.29705854,80,72,77,62
235,15.32970972,75,78,75,62
236,15.3622915,77,79,78,62
237,15.39480432,73,80,82,61
238,15.42724862,75,79,81,62
239,15.45962483,72,77,82,61
240,15.49193338,74,76,79,61
241,15.5241747,71,74,77,62
242,15.55634919,70,70,72,61
243,15.58845727,66,72,76,60
244,15.62049935,69,77,77,60
245,15.65247584,70,71,81,61
246,15.68438714,69,70,74,61
247,15.71623365,69,69,71,59
248,15.74801575,71,75,66,61
249,15.77973384,64,77,72,62
250,15.8113883,68,72,67,62
251,15.84297952,70,77,69,62
252,15.87450787,69,72,69,62
253,15.90597372,65,75,69,61
254,15.93737745,69,72,77,63
255,15.96871942,69,70,73,66
256,16,68,69,73,64
257,16.03121954,70,71,71,66
258,16.0623784,71,69,70,66
259,16.09347694,71,68,67,68
260,16.1245155,72,71,67,68
261,16.15549442,77,73,68,62
262,16.18641406,79,69,73,61
263,16.21727474,71,69,76,62
264,16.24807681,69,70,70,62
265,16.2788206,71,74,72,64
266,16.30950643,68,76,77,64
267,16.34013464,71,74,77,66
268,16.37070554,76,73,80,68
269,16.40121947,75,74,80,67
270,16.43167673,75,77,78,66
271,16.46207763,76,81,78,65
272,16.4924225,77,73,77,63
273,16.52271164,75,79,70,64
274,16.55294536,72,76,73,63
275,16.58312395,70,78,73,65
276,16.61324773,68,80,72,63
277,16.64331698,71,74,67,65
278,16.673332,71,73,72,64
279,16.70329309,73,74,70,67
280,16.73320053,75,74,74,67
281,16.76305461,72,75,70,67
282,16.79285562,70,75,72,69
283,16.82260384,74,72,71,67
284,16.85229955,73,74,71,67
285,16.88194302,71,74,74,68
286,16.91153453,71,73,75,69
287,16.94107435,74,70,76,68
288,16.97056275,71,72,73,68
289,17,65,76,77,66
290,17.02938637,67,74,76,69
291,17.05872211,68,73,77,68
292,17.08800749,70,84,76,66
293,17.11724277,73,85,79,66
294,17.1464282,77,82,80,67
295,17.17556404,78,85,76,67
296,17.20465053,75,80,69,67
297,17.23368794,81,80,74,68
298,17.2626765,77,80,73,68
299,17.29161647,75,74,76,68
300,17.32050808,74,74,75,68
301,17.34935157,69,80,75,69
302,17.3781472,73,71,80,68
303,17.40689519,77,76,72,69
304,17.43559577,78,80,74,70
305,17.4642492,72,78,76,70
306,17.49285568,74,78,79,69
307,17.52141547,74,78,77,73
308,17.54992877,75,80,80,70
309,17.57839583,76,85,80,70
310,17.60681686,75,84,80,68
311,17.63519209,73,85,77,70
312,17.66352173,70,87,81,69
313,17.69180601,80,87,78,71
314,17.72004515,84,88,81,72
315,17.74823935,86,85,85,69
316,17.77638883,87,84,86,73
317,17.80449381,87,85,89,73
318,17.8325545,83,86,90,73
319,17.8605711,85,85,94,72
320,17.88854382,82,90,88,71
321,17.91647287,80,90,92,72
322,17.94435844,83,88,94,77
323,17.97220076,81,88,86,74
324,18,85,90,83,73
325,18.02775638,82,89,82,71
326,18.05547009,80,88,81,72
327,18.08314132,80,86,83,72
328,18.11077028,81,85,85,74
329,18.13835715,79,85,79,72
330,18.16590212,82,87,81,74
331,18.1934054,84,86,82,72
332,18.22086716,85,85,82,71
333,18.24828759,80,86,79,73
334,18.27566688,81,87,80,72
335,18.30300522,81,85,84,72
336,18.33030278,87,84,80,73
337,18.35755975,83,87,80,71
338,18.38477631,81,90,92,74
339,18.41195264,77,86,92,73
340,18.43908891,79,86,81,73
341,18.46618531,83,89,82,74
342,18.49324201,82,88,82,74
343,18.52025918,83,85,82,75
344,18.54723699,82,85,87,74
345,18.57417562,82,81,89,75
346,18.60107524,81,82,89,78
347,18.62793601,81,85,89,78
348,18.65475811,82,85,88,74
349,18.68154169,79,80,86,77
350,18.70828693,79,79,84,77
351,18.734994,77,81,80,75
352,18.76166304,76,85,82,75
353,18.78829423,80,87,87,77
354,18.81488772,80,86,83,79
355,18.84144368,78,91,85,78
356,18.86796226,86,92,86,77
357,18.89444363,88,92,84,79
358,18.92088793,87,91,82,77
359,18.94729532,89,89,85,77
360,18.97366596,86,89,84,76
361,19,87,93,83,76
362,19.02629759,84,87,85,76
363,19.05255888,83,88,84,76
364,19.07878403,84,87,82,76
365,19.10497317,85,86,83,75
366,19.13112647,84,89,87,75
367,19.15724406,84,86,87,78
368,19.18332609,84,82,81,80
369,19.20937271,81,83,82,79
370,19.23538406,86,84,80,78
371,19.26136028,81,82,84,77
372,19.28730152,84,85,82,76
373,19.31320792,84,83,85,78
374,19.33907961,82,82,80,79
375,19.36491673,81,82,86,77
376,19.39071943,85,83,80,80
377,19.41648784,83,83,85,78
378,19.4422221,81,81,85,77
379,19.46792233,80,82,86,77
380,19.49358869,84,83,88,78
381,19.5192213,85,91,89,79
382,19.54482029,83,78,92,79
383,19.57038579,88,88,81,79
384,19.59591794,80,82,85,78
385,19.62141687,79,88,80,78
386,19.6468827,82,90,81,80
387,19.67231557,89,84,81,79
388,19.6977156,87,87,82,78
389,19.72308292,87,88,82,80
390,19.74841766,86,84,82,80
391,19.77371993,88,85,87,80
392,19.79898987,88,87,86,80
393,19.8242276,90,87,91,79
394,19.84943324,84,89,88,79
395,19.87460691,87,90,91,79
396,19.89974874,87,91,91,79
397,19.92485885,84,90,91,80
398,19.94993734,87,88,82,79
399,19.97498436,84,87,82,80
400,20,88,90,85,80
401,20.02498439,88,89,84,81
402,20.04993766,90,90,91,82
403,20.0748599,91,92,91,82
404,20.09975124,91,91,87,81
405,20.1246118,87,89,88,82
406,20.14944168,88,91,88,82
407,20.174241,86,91,88,81
408,20.19900988,86,91,94,81
409,20.22374842,87,89,93,82
410,20.24845673,86,90,91,82
411,20.27313493,85,88,87,83
412,20.29778313,88,86,87,85
413,20.32240143,94,92,93,82
414,20.34698995,93,89,95,83
415,20.37154879,92,89,88,85
416,20.39607805,91,89,86,84
417,20.42057786,93,88,83,84
418,20.4450483,88,90,84,86
419,20.46948949,91,94,88,85
420,20.49390153,91,95,89,85
421,20.51828453,97,97,86,85
422,20.54263858,95,102,89,85
423,20.5669638,92,101,92,84
424,20.59126028,92,97,94,85
425,20.61552813,89,105,94,85
426,20.63976744,92,101,91,85
427,20.66397832,95,97,89,94
428,20.68816087,91,99,100,93
429,20.71231518,92,99,100,92
430,20.73644135,90,98,99,85
431,20.76053949,90,99,101,87
432,20.78460969,91,97,103,85
433,20.80865205,94,96,92,86
434,20.83266666,90,96,95,85
435,20.85665361,87,90,95,85
436,20.88061302,89,88,94,86
437,20.90454496,88,90,90,87
438,20.92844954,88,93,94,86
439,20.95232684,88,92,89,87
440,20.97617696,88,93,88,88
441,21,88,93,87,89
442,21.02379604,94,92,87,87
443,21.04756518,95,93,92,87
444,21.07130751,94,87,91,88
445,21.09502311,89,87,89,88
446,21.11871208,90,89,91,87
447,21.14237451,90,92,93,85
448,21.16601049,86,93,89,85
449,21.1896201,87,92,90,86
450,21.21320344,87,91,89,85
451,21.23676058,85,92,92,86
452,21.26029163,85,91,93,87
453,21.28379665,88,90,91,85
454,21.30727575,90,93,90,86
455,21.33072901,93,91,90,86
456,21.3541565,94,89,90,87
457,21.37755833,92,92,87,91
458,21.40093456,95,95,92,91
459,21.42428529,97,94,95,90
460,21.44761059,98,93,94,89
461,21.47091055,96,93,95,89
462,21.49418526,94,93,96,91
463,21.51743479,94,94,96,90
464,21.54065923,89,93,96,90
465,21.56385865,90,93,96,90
466,21.58703314,92,95,98,91
467,21.61018278,91,95,98,89
468,21.63330765,93,96,98,90
469,21.65640783,93,96,97,91
470,21.67948339,98,97,96,91
471,21.70253441,97,95,95,91
472,21.72556098,99,94,91,90
473,21.74856317,90,93,94,90
474,21.77154106,90,92,95,92
475,21.79449472,93,91,93,91
476,21.81742423,94,93,92,90
477,21.84032967,90,95,89,89
478,21.86321111,89,95,92,89
479,21.88606863,87,96,95,89
480,21.9089023,87,88,94,90
481,21.9317122,90,95,92,90
482,21.9544984,91,95,92,89
483,21.97726098,88,95,94,90
484,22,85,96,93,92
485,22.02271555,88,95,94,93
486,22.04540769,88,93,88,91
487,22.06807649,88,89,93,90
488,22.09072203,91,92,94,89
489,22.11334439,90,92,93,89
490,22.13594362,91,93,92,88
491,22.15851981,90,93,95,90
492,22.18107301,90,90,92,89
493,22.20360331,89,94,92,88
494,22.22611077,96,96,94,91
495,22.24859546,100,94,91,92
496,22.27105745,98,94,90,91
497,22.29349681,98,94,95,90
498,22.3159136,95,94,93,89
499,22.3383079,95,94,92,90
500,22.36067977,95,92,92,92
501,22.38302929,98,94,93,92
502,22.4053565,95,95,91,93
503,22.42766149,97,95,94,93
504,22.44994432,93,96,95,93
505,22.47220505,94,98,97,93
506,22.49444376,92,96,92,92
507,22.5166605,96,98,91,94
508,22.53885534,90,94,89,94
509,22.56102835,94,94,90,92
510,22.58317958,95,92,95,93
511,22.60530911,95,94,96,94
512,22.627417,93,99,95,92
513,22.64950331,95,97,97,93
514,22.6715681,93,97,94,91
515,22.69361144,98,97,96,91
516,22.71563338,98,100,97,91
517,22.737634,97,98,99,93
518,22.75961335,101,96,100,94
519,22.7815715,99,95,101,94
520,22.8035085,99,102,99,94
521,22.82542442,98,101,99,95
522,22.84731932,98,100,96,93
523,22.86919325,101,100,99,92
524,22.89104628,104,99,101,92
525,22.91287847,105,99,98,92
526,22.93468988,104,100,97,92
527,22.95648057,100,99,97,93
528,22.97825059,99,103,97,92
529,23,101,102,97,93
530,23.02172887,98,102,98,96
531,23.04343724,101,99,95,96
532,23.06512519,100,102,94,95
533,23.08679276,99,101,102,96
534,23.10844002,97,103,98,97
535,23.13006701,100,102,105,96
536,23.15167381,105,103,104,97
537,23.17326045,104,104,101,97
538,23.19482701,98,103,105,96
539,23.21637353,99,99,107,98
540,23.23790008,100,103,99,99
541,23.2594067,100,101,106,99
542,23.28089345,104,101,106,99
543,23.3023604,99,102,105,99
544,23.32380758,99,102,106,97
545,23.34523506,100,104,107,97
546,23.36664289,98,102,104,97
547,23.38803113,98,98,104,97
548,23.40939982,98,99,100,95
549,23.43074903,98,100,101,97
550,23.4520788,99,103,101,95
551,23.47338919,99,104,102,97
552,23.49468025,100,106,102,97
553,23.51595203,101,106,103,97
554,23.53720459,103,101,101,94
555,23.55843798,99,103,103,94
556,23.57965225,97,102,99,94
557,23.60084744,101,101,104,96
558,23.62202362,100,104,106,96
559,23.64318084,99,102,98,98
560,23.66431913,100,101,100,98
561,23.68543856,100,102,98,98
562,23.70653918,101,105,100,97
563,23.72762104,97,106,100,96
564,23.74868417,97,106,101,98
565,23.76972865,99,105,102,98
566,23.79075451,99,102,103,97
567,23.8117618,99,104,104,98
568,23.83275058,99,104,102,97
569,23.85372088,102,103,102,98
570,23.87467277,107,96,104,99
571,23.89560629,103,98,104,99
572,23.91652149,103,102,103,98
573,23.93741841,101,108,103,98
574,23.9582971,99,109,106,99
575,23.97915762,101,104,108,98
576,24,96,104,102,97
577,24.0208243,99,108,99,100
578,24.04163056,104,105,106,99
579,24.06241883,103,104,107,98
580,24.08318916,104,103,106,101
581,24.10394159,102,100,101,101
582,24.12467616,104,104,100,101
583,24.14539294,102,104,102,98
584,24.16609195,104,103,100,98
585,24.18677324,102,104,94,99
586,24.20743687,103,107,96,101
587,24.22808288,100,104,97,99
588,24.24871131,97,104,105,99
589,24.2693222,97,108,106,100
590,24.2899156,97,104,107,104
591,24.31049156,99,106,103,102
592,24.33105012,100,109,105,103
593,24.35159132,106,107,103,104
594,24.37211521,109,105,102,103
595,24.39262184,107,107,100,102
596,24.41311123,107,105,100,103
597,24.43358345,104,107,98,103
598,24.45403852,108,107,101,102
599,24.4744765,106,104,101,102
600,24.49489743,109,106,100,101
601,24.51530134,106,107,106,102
602,24.53568829,100,108,103,102
603,24.55605832,104,103,103,104
604,24.57641145,101,104,98,101
605,24.59674775,101,109,101,101
606,24.61706725,101,107,102,103
607,24.63736999,102,110,102,102
608,24.65765601,106,105,110,102
609,24.67792536,106,95,110,103
610,24.69817807,105,104,105,102
611,24.71841419,103,106,109,104
612,24.73863375,102,106,108,105
613,24.75883681,107,109,108,102
614,24.77902339,105,109,109,103
615,24.79919354,106,109,111,103
616,24.81934729,100,110,109,103
617,24.8394847,104,112,107,105
618,24.85960579,106,110,105,105
619,24.87971061,104,113,106,105
620,24.8997992,107,114,114,106
621,24.91987159,107,112,110,105
622,24.93992783,110,107,107,109
623,24.95996795,105,106,114,106
624,24.97999199,111,108,106,106
625,25,108,107,110,106
626,25.01999201,105,106,106,106
627,25.03996805,108,109,106,105
628,25.05992817,109,110,103,104
629,25.07987241,110,109,106,104
630,25.0998008,110,108,107,104
631,25.11971337,108,111,106,105
632,25.13961018,106,109,106,104
633,25.15949125,104,108,108,102
634,25.17935662,102,107,108,103
635,25.19920634,103,109,109,105
636,25.21904043,107,112,107,107
637,25.23885893,106,109,106,104
638,25.25866188,116,113,107,104
639,25.27844932,114,115,107,106
640,25.29822128,114,113,107,106
641,25.3179778,111,113,107,106
642,25.33771892,110,112,108,106
643,25.35744467,109,111,105,104
644,25.37715508,109,111,110,104
645,25.3968502,111,110,109,107
646,25.41653005,108,110,108,106
647,25.43619468,109,112,106,106
648,25.45584412,106,110,108,108
649,25.47547841,110,109,112,107
650,25.49509757,108,112,112,104
651,25.51470164,110,112,109,105
652,25.53429067,109,111,109,107
653,25.55386468,109,112,115,107
654,25.57342371,107,112,113,105
655,25.59296778,105,111,110,105
656,25.61249695,105,110,111,104
657,25.63201124,106,110,110,105
658,25.65151068,106,109,109,105
659,25.67099531,104,111,109,105
660,25.69046516,105,111,106,104
661,25.70992026,108,110,107,104
662,25.72936066,109,109,106,103
663,25.74878638,111,107,109,104
664,25.76819745,110,109,112,104
665,25.78759392,110,111,113,104
666,25.8069758,110,111,109,105
667,25.82634314,110,110,110,106
668,25.84569597,109,110,105,106
669,25.86503431,109,111,108,107
670,25.88435821,108,111,107,105
671,25.90366769,108,111,105,105
672,25.92296279,108,110,107,105
673,25.94224354,109,111,110,105
674,25.96150997,110,112,106,106
675,25.98076211,113,104,107,109
676,26,111,106,107,109
677,26.01922366,112,106,108,106
678,26.03843313,110,107,108,107
679,26.05762844,112,108,111,109
680,26.07680962,111,112,111,109
681,26.0959767,112,113,111,107
682,26.11512971,113,112,112,110
683,26.13426869,115,113,105,113
684,26.15339366,111,112,106,111
685,26.17250466,107,106,107,109
686,26.19160171,110,109,109,110
687,26.21068484,110,110,110,113
688,26.2297541,108,107,111,112
689,26.2488095,109,106,111,112
690,26.26785107,111,112,111,115
691,26.28687886,109,109,111,117
692,26.30589288,110,115,110,114
693,26.32489316,114,123,112,115
694,26.34387974,113,123,115,113
695,26.36285265,119,118,120,117
696,26.38181192,118,118,118,116
697,26.40075756,119,126,116,115
698,26.41968963,115,122,117,114
699,26.43860813,117,121,117,113
700,26.45751311,118,125,116,115
701,26.47640459,119,124,123,117
702,26.4952826,121,127,121,115
703,26.51414717,118,125,117,115
704,26.53299832,121,122,119,114
705,26.55183609,115,123,123,116
706,26.57066051,118,122,121,115
707,26.5894716,117,120,119,115
708,26.60826939,118,120,118,113
709,26.62705391,117,119,118,113
710,26.64582519,118,118,116,113
711,26.66458325,115,120,112,112
712,26.68332813,118,126,115,110
713,26.70205985,114,123,117,109
714,26.72077843,115,117,116,108
715,26.73948391,115,116,114,110
716,26.75817632,116,116,115,111
717,26.77685568,112,114,110,110
718,26.79552201,111,114,111,111
719,26.81417536,112,114,113,110
720,26.83281573,112,113,116,111
721,26.85144316,115,117,116,111
722,26.87005769,116,117,116,109
723,26.88865932,116,117,113,110
724,26.90724809,118,118,113,110
725,26.92582404,116,119,114,109
726,26.94438717,115,120,115,109
727,26.96293753,114,117,120,109
728,26.98147513,115,116,126,109
729,27,111,116,125,108
730,27.01851217,112,116,123,108
731,27.03701167,111,117,123,109
732,27.05549852,113,116,123,109
733,27.07397274,111,116,123,109
734,27.09243437,110,117,125,109
735,27.11088342,113,111,131,111
736,27.12931993,114,114,126,111
737,27.14774392,117,116,126,111
738,27.16615541,114,116,127,111
739,27.18455444,118,120,128,112
740,27.20294102,117,121,124,110
741,27.22131518,120,120,125,110
742,27.23967694,118,125,122,112
743,27.25802634,113,125,119,112
744,27.27636339,116,125,123,111
745,27.29468813,117,125,118,111
746,27.31300057,114,124,120,112
747,27.33130074,115,126,120,112
748,27.34958866,115,127,120,113
749,27.36786437,115,126,117,114
750,27.38612788,113,123,119,113
751,27.40437921,115,122,117,113
752,27.4226184,113,122,122,114
753,27.44084547,113,122,123,114
754,27.45906044,117,124,120,114
755,27.47726333,114,120,120,111
756,27.49545417,113,119,119,111
757,27.51363298,114,119,118,112
758,27.5317998,119,125,117,113
759,27.54995463,121,122,118,111
760,27.5680975,123,121,120,112
761,27.58622845,127,121,118,111
762,27.60434748,124,120,116,114
763,27.62245463,123,121,127,113
764,27.64054992,121,116,127,112
765,27.65863337,121,115,128,113
766,27.67670501,119,114,124,111
767,27.69476485,118,118,123,112
768,27.71281292,119,118,124,111
769,27.73084925,122,118,123,111
770,27.74887385,122,119,121,112
771,27.76688675,124,120,121,116
772,27.78488798,122,124,119,113
773,27.80287755,123,122,122,112
774,27.82085549,122,121,121,112
775,27.83882181,124,120,117,113
776,27.85677655,128,120,120,113
777,27.87471973,127,107,121,116
778,27.89265136,120,120,117,117
779,27.91057147,118,123,117,117
780,27.92848009,117,119,120,115
781,27.94637722,117,121,120,114
782,27.96426291,120,112,119,114
783,27.98213716,118,113,120,114
784,28,119,115,120,114
785,28.01785145,123,113,121,113
786,28.03569154,125,116,118,113
787,28.05352028,122,124,120,114
788,28.0713377,120,129,126,115
789,28.08914381,117,125,126,113
790,28.10693865,120,127,125,114
791,28.12472222,123,123,123,114
792,28.14249456,124,121,123,113
793,28.16025568,124,121,123,113
794,28.17800561,123,125,121,114
795,28.19574436,123,122,123,114
796,28.21347196,124,122,123,117
797,28.23118843,127,127,126,116
798,28.24889378,129,123,126,117
799,28.26658805,129,125,127,116
800,28.28427125,126,126,125,114
801,28.3019434,124,125,123,114
802,28.31960452,122,125,121,116
803,28.33725463,124,126,122,116
804,28.35489376,125,126,119,116
805,28.37252192,124,128,121,116
806,28.39013913,127,128,123,116
807,28.40774542,128,130,126,116
808,28.42534081,128,129,124,117
809,28.44292531,129,128,122,117
810,28.46049894,127,127,120,116
811,28.47806173,131,133,122,117
812,28.4956137,128,131,121,118
813,28.51315486,128,125,121,117
814,28.53068524,132,128,121,116
815,28.54820485,128,124,122,116
816,28.56571371,126,123,121,116
817,28.58321186,128,126,122,121
818,28.60069929,125,124,123,120
819,28.61817604,131,121,125,120
820,28.63564213,134,126,125,118
821,28.65309756,130,125,129,118
822,28.67054237,124,133,125,119
823,28.68797658,125,130,125,118
824,28.70540019,123,128,125,119
825,28.72281323,123,126,125,118
826,28.74021573,121,126,126,118
827,28.75760769,116,123,122,121
828,28.77498914,121,125,122,120
829,28.7923601,119,121,125,120
830,28.80972058,121,122,127,120
831,28.82707061,120,122,128,119
832,28.8444102,117,130,127,118
833,28.86173938,131,129,125,119
834,28.87905816,129,129,121,118
835,28.89636655,129,129,124,120
836,28.91366459,125,132,122,120
837,28.93095228,123,132,128,118
838,28.94822965,126,134,129,119
839,28.96549672,130,136,130,119
840,28.98275349,124,127,125,119
841,29,124,129,126,121
842,29.01723626,128,130,126,123
843,29.03446228,126,130,126,124
844,29.05167809,127,127,122,122
845,29.06888371,129,127,117,121
846,29.08607914,124,129,123,120
847,29.10326442,121,130,128,120
848,29.12043956,126,133,129,120
849,29.13760457,124,133,130,121
850,29.15475947,126,135,123,122
851,29.17190429,126,132,128,121
852,29.18903904,127,126,132,123
853,29.20616373,128,130,122,120
854,29.22327839,128,127,127,122
855,29.24038303,126,116,128,123
856,29.25747768,125,117,123,124
857,29.27456234,123,118,123,127
858,29.29163703,124,118,123,126
859,29.30870178,125,119,128,123
860,29.3257566,127,119,128,124
861,29.3428015,125,122,128,121
862,29.35983651,129,126,126,122
863,29.37686164,130,126,134,123
864,29.39387691,134,124,131,125
865,29.41088234,135,131,125,126
866,29.42787794,134,126,131,126
867,29.44486373,134,129,127,126
868,29.46183973,136,130,124,126
869,29.47880595,131,130,124,126
870,29.49576241,132,128,127,127
871,29.51270913,128,125,127,125
872,29.52964612,130,126,130,127
873,29.54657341,129,126,123,123
874,29.563491,131,125,126,122
875,29.58039892,129,126,126,122
876,29.59729717,128,129,124,122
877,29.61418579,131,130,127,124
878,29.63106478,131,129,130,123
879,29.64793416,130,129,129,120
880,29.66479395,129,126,131,122
881,29.68164416,134,126,129,122
882,29.69848481,133,127,126,123
883,29.71531592,131,126,127,123
884,29.73213749,126,128,120,123
885,29.74894956,130,125,120,124
886,29.76575213,126,128,122,123
887,29.78254522,126,128,124,121
888,29.79932885,124,125,122,125
889,29.81610303,125,124,125,121
890,29.83286778,125,124,123,121
891,29.84962311,125,125,123,123
892,29.86636905,125,124,125,125
893,29.88310559,129,126,124,121
894,29.89983278,126,128,130,121
895,29.9165506,125,127,127,123
896,29.93325909,126,125,127,131
897,29.94995826,126,129,125,127
898,29.96664813,127,130,131,126
899,29.9833287,129,128,128,124
900,30,126,131,130,125
901,30.01666204,127,130,126,126
902,30.03331484,127,130,126,127
903,30.0499584,129,131,126,126
904,30.06659276,128,134,130,127
905,30.08321791,129,133,131,128
906,30.09983389,129,134,126,125
907,30.11644069,131,131,129,126
908,30.13303835,129,131,130,123
909,30.14962686,131,130,128,121
910,30.16620626,127,131,129,120
911,30.18277655,125,127,130,123
912,30.19933774,126,130,129,124
913,30.21588986,127,129,128,122
914,30.23243292,126,131,132,122
915,30.24896692,125,132,134,123
916,30.2654919,124,132,124,120
917,30.28200786,122,133,123,120
918,30.29851482,126,130,126,123
919,30.31501278,127,129,126,121
920,30.33150178,122,130,125,121
921,30.34798181,126,122,126,121
922,30.3644529,128,128,120,125
923,30.38091506,123,122,130,126
924,30.39736831,124,127,125,123
925,30.41381265,124,122,127,125
926,30.43024811,125,120,122,123
927,30.4466747,125,125,122,124
928,30.46309242,128,129,122,124
929,30.47950131,129,126,125,122
930,30.49590136,126,128,127,124
931,30.5122926,129,132,122,123
932,30.52867504,130,132,124,126
933,30.5450487,132,132,124,125
934,30.56141358,130,131,127,124
935,30.5777697,130,132,129,124
936,30.59411708,129,132,130,125
937,30.61045573,127,132,126,125
938,30.62678566,129,131,126,127
939,30.64310689,131,131,127,127
940,30.65941943,129,134,126,127
941,30.6757233,131,129,123,126
942,30.69201851,132,132,125,127
943,30.70830507,132,135,125,128
944,30.72458299,131,135,127,125
945,30.7408523,131,135,125,129
946,30.757113,131,137,126,128
947,30.77336511,129,134,131,127
948,30.78960864,128,134,134,125
949,30.8058436,129,130,132,127
950,30.82207001,129,133,129,125
951,30.83828789,131,134,131,124
952,30.85449724,131,134,130,127
953,30.87069808,131,138,131,126
954,30.88689042,130,137,130,129
955,30.90307428,134,133,130,126
956,30.91924967,132,131,128,127
957,30.9354166,138,131,124,126
958,30.95157508,136,132,130,127
959,30.96772513,130,134,128,125
960,30.98386677,131,132,134,124
961,31,132,132,133,125
962,31.01612484,130,133,135,125
963,31.0322413,131,132,133,127
964,31.04834939,132,132,129,128
965,31.06444913,130,133,129,127
966,31.08054054,133,125,133,126
967,31.09662361,133,128,128,126
968,31.11269837,126,131,127,127
969,31.12876483,126,132,129,129
970,31.144823,128,131,129,128
971,31.1608729,128,134,127,125
972,31.17691454,128,132,134,129
973,31.19294792,129,132,128,127
974,31.20897307,129,132,128,128
975,31.22498999,129,131,130,127
976,31.2409987,127,133,131,128
977,31.25699922,130,134,132,129
978,31.27299154,124,134,130,130
979,31.28897569,129,130,131,128
980,31.30495168,127,133,131,126
981,31.32091953,127,131,128,128
982,31.33687923,129,137,126,131
983,31.35283081,125,134,131,129
984,31.36877428,127,133,129,129
985,31.38470965,126,136,131,128
986,31.40063694,127,137,133,130
987,31.41655614,125,135,136,129
988,31.43246729,126,132,136,128
989,31.44837039,124,133,137,129
990,31.46426545,128,133,138,129
991,31.48015248,129,135,137,128
992,31.4960315,127,129,137,127
993,31.51190251,129,134,137,126
994,31.52776554,130,136,134,126
995,31.54362059,127,138,133,126
996,31.55946768,132,137,135,126
997,31.57530681,133,134,135,128
998,31.591138,130,134,132,127
999,31.60696126,132,136,133,127
1000,31.6227766,132,136,134,128
1001,31.63858404,134,136,134,128
1002,31.65438358,135,136,136,127
1003,31.67017524,135,135,134,129
1004,31.68595904,131,127,133,130
1005,31.70173497,128,132,128,126
1006,31.71750305,133,131,129,128
1007,31.73326331,132,131,129,128
1008,31.74901573,133,130,129,127
1009,31.76476035,130,132,129,127
1010,31.78049716,132,130,129,127
1011,31.79622619,132,135,130,128
1012,31.81194744,131,135,130,132
1013,31.82766093,134,133,133,131
1014,31.84336666,132,132,134,130
1015,31.85906464,130,133,135,131
1016,31.8747549,128,135,136,129
1017,31.89043744,129,135,135,128
1018,31.90611227,129,134,133,128
1019,31.9217794,128,136,133,128
1020,31.93743885,127,136,134,129
1021,31.95309062,127,134,135,129
1022,31.96873473,129,133,132,131
1023,31.98437118,130,133,135,132
1024,32,129,133,133,132
1025,32.01562119,132,132,135,131
1026,32.03123476,132,132,131,130
1027,32.04684072,130,135,135,133
1028,32.06243908,134,137,134,132
1029,32.07802986,132,138,136,132
1030,32.09361307,133,135,137,133
1031,32.10918872,132,134,130,134
1032,32.12475681,131,134,135,132
1033,32.14031736,130,134,134,132
1034,32.15587038,134,134,137,131
1035,32.17141588,133,135,133,131
1036,32.18695388,133,134,136,131
1037,32.20248438,133,137,138,131
1038,32.21800739,132,138,136,132
1039,32.23352292,130,137,138,133
1040,32.24903099,132,138,138,133
1041,32.26453161,134,138,140,134
1042,32.28002478,135,136,140,132
1043,32.29551052,134,140,142,132
1044,32.31098884,136,137,139,131
1045,32.32645975,135,135,142,133
1046,32.34192326,136,135,138,132
1047,32.35737937,136,137,139,132
1048,32.37282811,133,140,138,133
1049,32.38826948,133,137,137,131
1050,32.40370349,132,139,138,134
1051,32.41913015,134,138,138,133
1052,32.43454948,137,139,137,130
1053,32.44996148,137,138,136,130
1054,32.46536616,136,135,137,131
1055,32.48076354,135,137,140,130
1056,32.49615362,131,136,141,131
1057,32.51153641,129,139,136,132
1058,32.52691193,134,139,138,133
1059,32.54228019,135,136,136,135
1060,32.55764119,133,138,140,133
1061,32.57299495,134,136,139,133
1062,32.58834147,132,135,136,134
1063,32.60368077,130,138,134,134
1064,32.61901286,129,135,137,137
1065,32.63433774,132,136,130,137
1066,32.64965543,131,131,133,136
1067,32.66496594,131,132,130,134
1068,32.68026928,129,136,131,135
1069,32.69556545,133,136,130,136
1070,32.71085447,131,137,133,136
1071,32.72613634,132,139,139,134
1072,32.74141109,129,138,136,135
1073,32.75667871,131,139,139,135
1074,32.77193922,132,138,140,135
1075,32.78719262,134,138,135,135
1076,32.80243893,131,135,136,138
1077,32.81767816,133,136,136,137
1078,32.83291032,134,137,138,137
1079,32.84813541,131,139,137,134
1080,32.86335345,130,135,138,133
1081,32.87856445,132,139,137,135
1082,32.89376841,136,138,143,136
1083,32.90896534,137,139,140,134
1084,32.92415527,138,139,140,131
1085,32.93933818,136,139,138,133
1086,32.95451411,136,139,138,133
1087,32.96968304,134,141,139,135
1088,32.984845,135,141,138,135
1089,33,136,142,137,133
1090,33.01514804,138,140,132,134
1091,33.03028913,133,142,140,134
1092,33.04542328,137,143,142,134
1093,33.06055051,137,141,143,134
1094,33.07567082,135,142,142,133
1095,33.09078422,135,142,143,134
1096,33.10589071,135,142,140,134
1097,33.12099032,137,141,140,135
1098,33.13608305,138,140,140,135
1099,33.15116891,138,140,138,135
1100,33.1662479,139,138,140,136
1101,33.18132005,136,142,136,135
1102,33.19638535,137,141,141,138
1103,33.21144381,138,141,137,137
1104,33.22649545,135,142,135,137
1105,33.24154028,137,141,137,138
1106,33.2565783,136,142,136,136
1107,33.27160952,138,142,134,137
1108,33.28663395,136,138,133,136
1109,33.30165161,137,138,133,135
1110,33.3166625,133,137,137,134
1111,33.33166662,135,136,136,136
1112,33.346664,135,140,136,135
1113,33.36165464,137,141,137,137
1114,33.37663854,138,141,137,139
1115,33.39161571,138,139,135,138
1116,33.40658618,140,138,135,138
1117,33.42154993,138,142,136,136
1118,33.43650699,142,142,139,136
1119,33.45145737,138,144,139,136
1120,33.46640106,135,142,140,136
1121,33.48133809,140,139,138,136
1122,33.49626845,138,141,137,138
1123,33.51119216,136,140,135,138
1124,33.52610923,140,139,133,136
1125,33.54101966,142,136,135,137
1126,33.55592347,144,138,135,135
1127,33.57082066,143,140,138,135
1128,33.58571125,140,141,139,136
1129,33.60059523,141,139,138,137
1130,33.61547263,138,138,137,136
1131,33.63034344,139,138,140,136
1132,33.64520768,139,141,134,139
1133,33.66006536,143,143,145,138
1134,33.67491648,144,140,143,137
1135,33.68976106,141,135,140,136
1136,33.70459909,140,133,141,139
1137,33.7194306,139,137,142,137
1138,33.73425559,138,137,142,136
1139,33.74907406,139,137,143,137
1140,33.76388603,141,137,143,138
1141,33.77869151,140,143,139,135
1142,33.7934905,140,144,141,135
1143,33.80828301,142,144,142,136
1144,33.82306905,142,139,140,136
1145,33.83784863,137,144,140,136
1146,33.85262176,140,139,144,136
1147,33.86738844,145,145,140,138
1148,33.88214869,144,143,145,140
1149,33.89690251,143,142,143,138
1150,33.91164992,140,143,143,137
1151,33.92639091,138,143,144,136
1152,33.9411255,141,145,142,136
1153,33.95585369,144,144,137,136
1154,33.9705755,144,142,138,137
1155,33.98529094,140,143,136,136
1156,34,142,144,137,138
1157,34.0147027,143,143,139,138
1158,34.02939905,144,139,138,138
1159,34.04408906,144,140,134,139
1160,34.05877273,143,141,144,138
1161,34.07345007,140,143,143,137
1162,34.0881211,140,146,143,139
1163,34.10278581,140,148,142,137
1164,34.11744422,141,147,142,138
1165,34.13209633,141,147,141,138
1166,34.14674216,141,145,141,138
1167,34.16138171,144,145,146,140
1168,34.17601498,144,142,144,139
1169,34.19064199,142,145,144,139
1170,34.20526275,143,146,146,137
1171,34.21987726,144,149,143,140
1172,34.23448554,143,146,145,143
1173,34.24908758,141,145,141,142
1174,34.2636834,139,147,144,140
1175,34.278273,140,148,145,140
1176,34.2928564,141,149,145,140
1177,34.3074336,139,142,145,137
1178,34.3220046,141,142,138,139
1179,34.33656943,141,142,138,139
1180,34.35112807,141,144,138,138
1181,34.36568055,142,144,145,140
1182,34.38022688,141,146,147,139
1183,34.39476704,140,146,146,140
1184,34.40930107,140,145,146,139
1185,34.42382896,137,147,145,138
1186,34.43835072,138,148,146,138
1187,34.45286635,136,148,142,139
1188,34.46737588,141,146,141,139
1189,34.4818793,142,145,141,139
1190,34.49637662,138,148,146,140
1191,34.51086785,141,148,148,141
1192,34.525353,141,147,146,140
1193,34.53983208,145,147,140,139
1194,34.55430509,146,144,141,141
1195,34.56877203,144,143,146,140
1196,34.58323293,146,143,143,142
1197,34.59768778,141,144,145,140
1198,34.6121366,141,142,147,142
1199,34.62657939,140,143,146,141
1200,34.64101615,139,144,145,140
1201,34.6554469,142,148,144,138
1202,34.66987165,140,146,147,138
1203,34.68429039,144,147,148,140
1204,34.69870315,144,142,146,143
1205,34.71310992,142,142,148,142
1206,34.72751071,145,143,142,143
1207,34.74190553,144,141,147,141
1208,34.75629439,144,146,141,142
1209,34.7706773,142,144,143,142
1210,34.78505426,142,143,142,143
1211,34.79942528,142,142,142,142
1212,34.81379037,141,146,143,141
1213,34.82814953,142,143,142,140
1214,34.84250278,141,143,141,141
1215,34.85685012,141,142,141,140
1216,34.87119155,142,144,142,139
1217,34.88552709,142,144,142,140
1218,34.89985673,143,146,142,141
1219,34.9141805,142,147,142,140
1220,34.92849839,142,147,142,141
1221,34.94281042,144,148,143,141
1222,34.95711659,146,148,142,142
1223,34.9714169,143,147,147,142
1224,34.98571137,144,147,148,144
1225,35,142,147,147,144
1226,35.0142828,141,146,147,144
1227,35.02855978,141,146,145,146
1228,35.04283094,140,147,144,143
1229,35.05709629,141,147,146,144
1230,35.07135583,142,147,147,145
1231,35.08560959,144,147,145,142
1232,35.09985755,141,146,146,142
1233,35.11409973,141,146,146,142
1234,35.12833614,142,147,148,142
1235,35.14256678,146,147,148,143
1236,35.15679166,144,145,147,143
1237,35.17101079,141,147,149,142
1238,35.18522417,148,145,142,143
1239,35.19943181,146,143,145,142
1240,35.21363372,145,142,144,141
1241,35.22782991,140,141,143,142
1242,35.24202037,141,142,144,140
1243,35.25620513,143,144,145,141
1244,35.27038418,141,145,146,141
1245,35.28455753,140,141,146,143
1246,35.29872519,139,146,139,142
1247,35.31288717,139,143,142,143
1248,35.32704347,141,145,145,143
1249,35.34119409,141,145,145,143
1250,35.35533906,141,145,146,143
1251,35.36947837,141,145,143,144
1252,35.38361203,145,148,146,145
1253,35.39774004,145,148,145,144
1254,35.41186242,145,149,138,144
1255,35.42597917,143,142,141,145
1256,35.44009029,144,146,140,144
1257,35.4541958,146,147,139,144
1258,35.4682957,144,149,141,145
1259,35.48239,141,149,144,147
1260,35.4964787,143,148,143,145
1261,35.51056181,143,147,143,145
1262,35.52463934,140,146,147,145
1263,35.53871129,142,145,145,145
1264,35.55277767,146,146,146,145
1265,35.56683849,145,147,148,144
1266,35.58089375,146,147,148,145
1267,35.59494346,147,148,147,143
1268,35.60898763,147,148,145,142
1269,35.62302626,149,149,145,143
1270,35.63705936,147,146,147,142
1271,35.65108694,143,147,146,142
1272,35.665109,143,147,145,143
1273,35.67912555,148,148,143,145
1274,35.6931366,146,148,142,147
1275,35.70714214,149,148,141,144
1276,35.7211422,145,149,148,144
1277,35.73513677,146,147,150,144
1278,35.74912586,147,147,147,146
1279,35.76310948,146,146,148,144
1280,35.77708764,144,146,146,144
1281,35.79106034,144,147,146,145
1282,35.80502758,140,145,145,148
1283,35.81898938,140,145,149,148
1284,35.83294573,141,147,150,148
1285,35.84689666,141,142,149,146
1286,35.86084215,142,143,148,147
1287,35.87478223,146,145,149,145
1288,35.88871689,144,137,148,146
1289,35.90264614,144,143,139,144
1290,35.91656999,145,145,140,143
1291,35.93048845,145,143,141,143
1292,35.94440151,144,144,142,146
1293,35.95830919,144,145,142,147
1294,35.9722115,144,147,141,146
1295,35.98610843,145,144,141,145
1296,36,145,150,141,146
1297,36.01388621,144,147,141,145
1298,36.02776707,143,138,147,145
1299,36.04164258,142,145,147,145
1300,36.05551275,142,146,148,146
1301,36.06937759,144,145,146,146
1302,36.08323711,144,144,147,146
1303,36.0970913,145,142,146,147
1304,36.11094017,146,143,144,145
1305,36.12478374,145,146,145,146
1306,36.138622,140,147,147,146
1307,36.15245497,142,145,146,146
1308,36.16628264,144,146,142,146
1309,36.18010503,145,150,145,144
1310,36.19392214,144,154,149,147
1311,36.20773398,147,154,146,147
1312,36.22154055,144,150,148,146
1313,36.23534186,144,150,145,146
1314,36.24913792,143,150,146,146
1315,36.26292873,148,150,146,147
1316,36.27671429,150,152,149,147
1317,36.29049462,150,152,151,150
1318,36.30426972,151,154,152,150
1319,36.31803959,152,152,152,147
1320,36.33180425,151,150,149,147
1321,36.34556369,149,152,147,146
1322,36.35931793,145,157,150,151
1323,36.37306696,151,155,151,150
1324,36.3868108,156,151,153,149
1325,36.40054945,156,151,152,148
1326,36.41428291,153,151,153,148
1327,36.4280112,156,148,153,148
1328,36.44173432,152,152,153,148
1329,36.45545227,149,149,150,147
1330,36.46916506,149,148,149,146
1331,36.48287269,149,146,152,146
1332,36.49657518,149,146,149,148
1333,36.51027253,149,150,148,150
1334,36.52396474,149,149,147,150
1335,36.53765181,152,150,146,150
1336,36.55133376,153,147,146,150
1337,36.5650106,152,149,146,146
1338,36.57868232,150,149,147,148
1339,36.59234893,150,151,147,147
1340,36.60601044,148,148,149,148
1341,36.61966685,149,149,148,148
1342,36.63331817,150,146,149,153
1343,36.6469644,151,145,150,152
1344,36.66060556,151,154,150,151
1345,36.67424164,152,145,151,149
1346,36.68787266,152,151,148,148
1347,36.70149861,151,151,147,150
1348,36.7151195,146,152,149,151
1349,36.72873534,150,152,147,150
1350,36.74234614,150,154,148,150
1351,36.7559519,149,153,150,148
1352,36.76955262,150,153,147,148
1353,36.78314832,150,154,146,151
1354,36.79673899,153,151,151,150
1355,36.81032464,157,150,152,149
1356,36.82390528,153,150,151,148
1357,36.83748091,153,155,151,149
1358,36.85105155,150,153,150,150
1359,36.86461718,150,150,150,148
1360,36.87817783,149,153,152,147
1361,36.89173349,149,151,153,152
1362,36.90528417,150,139,152,149
1363,36.91882988,151,150,149,149
1364,36.93237063,154,151,150,152
1365,36.9459064,154,153,151,152
1366,36.95943723,151,153,153,151
1367,36.97296309,149,154,152,150
1368,36.98648402,147,154,151,150
1369,37,150,151,151,151
1370,37.01351105,149,149,153,150
1371,37.02701716,150,148,150,150
1372,37.04051835,147,154,148,154
1373,37.05401463,154,154,153,154
1374,37.06750599,155,153,155,154
1375,37.08099244,154,152,155,150
1376,37.09447398,155,150,154,152
1377,37.10795063,155,152,155,152
1378,37.12142239,152,153,150,152
1379,37.13488926,152,151,153,155
1380,37.14835124,157,153,152,154
1381,37.16180835,156,154,153,153
1382,37.17526059,158,153,149,153
1383,37.18870796,155,153,151,154
1384,37.20215048,152,153,152,152
1385,37.21558813,149,153,151,151
1386,37.22902094,151,156,152,151
1387,37.2424489,150,155,153,156
1388,37.25587202,151,157,158,155
1389,37.26929031,150,155,156,154
1390,37.28270376,147,154,158,155
1391,37.2961124,149,151,158,154
1392,37.30951621,152,149,159,156
1393,37.32291521,152,149,156,156
1394,37.33630941,152,151,156,155
1395,37.34969879,151,150,156,155
1396,37.36308338,151,150,154,150
1397,37.37646318,150,149,152,150
1398,37.38983819,150,153,153,155
1399,37.40320842,152,152,155,155
1400,37.41657387,151,155,154,153
1401,37.42993454,149,151,150,152
1402,37.44329045,146,161,151,155
1403,37.4566416,149,163,150,155
1404,37.46998799,152,159,150,154
1405,37.48332963,155,158,155,153
1406,37.49666652,153,156,155,153
1407,37.50999867,156,156,154,151
1408,37.52332608,155,159,155,152
1409,37.53664876,155,153,157,150
1410,37.54996671,157,153,155,153
1411,37.56327994,157,157,159,152
1412,37.57658846,155,157,162,154
1413,37.58989226,153,158,156,154
1414,37.60319135,154,158,155,154
1415,37.61648575,155,159,157,152
1416,37.62977544,153,157,154,153
1417,37.64306045,154,155,154,155
1418,37.65634077,154,156,159,154
1419,37.6696164,156,155,158,154
1420,37.68288736,158,151,157,155
1421,37.69615365,152,153,156,155
1422,37.70941527,154,152,157,156
1423,37.72267223,150,153,159,155
1424,37.73592453,154,150,158,154
1425,37.74917218,149,155,155,157
1426,37.76241518,151,154,153,154
1427,37.77565354,152,147,151,152
1428,37.78888726,150,158,153,153
1429,37.80211634,153,155,160,153
1430,37.8153408,153,156,152,154
1431,37.82856064,154,155,152,155
1432,37.84177586,154,153,152,152
1433,37.85498646,155,153,160,153
1434,37.86819246,154,152,159,153
1435,37.88139385,156,151,153,154
1436,37.89459064,158,154,155,152
1437,37.90778284,156,157,157,154
1438,37.92097045,154,157,160,154
1439,37.93415348,155,154,159,155
1440,37.94733192,155,156,159,156
1441,37.96050579,155,157,158,155
1442,37.97367509,152,157,157,153
1443,37.98683983,153,157,156,154
1444,38,152,157,154,155
1445,38.01315562,152,159,154,153
1446,38.02630668,150,158,154,155
1447,38.0394532,151,157,155,157
1448,38.05259518,155,158,155,153
1449,38.06573262,155,158,157,155
1450,38.07886553,155,158,156,152
1451,38.09199391,159,156,158,153
1452,38.10511777,158,158,152,152
1453,38.11823711,155,157,161,152
1454,38.13135193,157,156,159,152
1455,38.14446225,155,155,158,152
1456,38.15756806,158,156,156,152
1457,38.17066937,158,156,156,152
1458,38.18376618,158,155,156,153
1459,38.19685851,153,157,159,153
1460,38.20994635,155,157,160,154
1461,38.22302971,157,157,161,155
1462,38.23610859,154,155,161,155
1463,38.249183,154,157,154,156
1464,38.26225294,153,156,153,155
1465,38.27531842,156,157,157,154
1466,38.28837944,156,158,156,155
1467,38.301436,152,157,157,155
1468,38.31448812,151,156,159,154
1469,38.32753579,153,158,158,154
1470,38.34057903,158,161,155,155
1471,38.35361782,157,159,156,155
1472,38.36665219,158,157,152,153
1473,38.37968212,158,155,152,153
1474,38.39270764,158,154,154,155
1475,38.40572874,158,149,152,153
1476,38.41874542,156,152,155,153
1477,38.4317577,155,155,155,158
1478,38.44476557,161,158,155,158
1479,38.45776905,158,160,155,159
1480,38.47076812,155,159,156,156
1481,38.48376281,153,159,160,156
1482,38.49675311,153,158,158,155
1483,38.50973903,155,161,158,155
1484,38.52272057,156,157,158,155
1485,38.53569774,157,158,156,155
1486,38.54867053,154,158,155,154
1487,38.56163897,152,156,159,154
1488,38.57460304,154,155,157,154
1489,38.58756276,155,157,159,154
1490,38.60051813,155,162,160,156
1491,38.61346915,154,161,158,156
1492,38.62641583,154,158,156,160
1493,38.63935817,157,160,152,162
1494,38.65229618,157,157,153,158
1495,38.66522986,154,158,153,157
1496,38.67815921,156,154,152,158
1497,38.69108424,156,157,153,156
1498,38.70400496,158,159,156,155
1499,38.71692137,156,153,158,156
1500,38.72983346,156,158,157,156
1501,38.74274126,155,159,155,156
1502,38.75564475,157,154,154,157
1503,38.76854395,158,160,156,156
1504,38.78143886,154,159,157,156
1505,38.79432948,157,158,155,156
1506,38.80721582,158,158,158,156
1507,38.82009789,159,160,157,155
1508,38.83297568,154,160,159,156
1509,38.8458492,159,161,161,155
1510,38.85871846,156,159,159,159
1511,38.87158345,154,163,151,158
1512,38.88444419,157,162,155,156
1513,38.89730068,159,162,155,155
1514,38.91015292,161,164,155,155
1515,38.92300091,159,161,155,156
1516,38.93584467,158,161,154,161
1517,38.94868419,160,161,155,159
1518,38.96151948,160,160,155,160
1519,38.97435054,160,159,154,161
1520,38.98717738,157,159,155,160
1521,39,156,159,156,159
1522,39.01281841,156,162,155,160
1523,39.0256326,158,161,164,161
1524,39.03844259,161,161,162,158
1525,39.05124838,162,161,160,159
1526,39.06404997,160,161,161,160
1527,39.07684737,160,160,159,160
1528,39.08964057,163,158,156,161
1529,39.10242959,158,157,158,161
1530,39.11521443,161,156,157,161
1531,39.12799509,163,157,158,161
1532,39.14077158,157,162,157,160
1533,39.1535439,156,159,157,159
1534,39.16631206,158,162,155,160
1535,39.17907605,161,158,159,160
1536,39.19183588,157,159,158,162
1537,39.20459157,160,157,158,158
1538,39.2173431,170,161,154,159
1539,39.23009049,161,159,159,158
1540,39.24283374,159,161,155,158
1541,39.25557285,163,162,160,158
1542,39.26830783,165,162,162,158
1543,39.28103868,167,161,161,159
1544,39.29376541,165,163,160,160
1545,39.30648801,163,162,159,159
1546,39.3192065,167,163,158,156
1547,39.33192088,164,163,161,156
1548,39.34463115,164,161,162,156
1549,39.35733731,162,161,160,156
1550,39.37003937,161,162,160,158
1551,39.38273734,161,160,156,158
1552,39.39543121,157,163,159,162
1553,39.40812099,166,161,163,163
1554,39.42080669,167,164,160,162
1555,39.43348831,166,161,159,164
1556,39.44616585,166,160,159,164
1557,39.45883931,165,160,160,161
1558,39.47150871,167,157,161,163
1559,39.48417404,164,163,155,161
1560,39.49683532,163,164,157,163
1561,39.50949253,163,163,157,161
1562,39.52214569,165,163,159,161
1563,39.5347948,161,161,160,160
1564,39.54743987,160,161,159,162
1565,39.56008089,164,158,157,161
1566,39.57271787,163,159,157,158
1567,39.58535083,163,155,160,160
1568,39.59797975,160,154,160,159
1569,39.61060464,161,160,161,160
1570,39.62322551,161,160,160,159
1571,39.63584237,158,160,159,159
1572,39.6484552,155,160,159,160
1573,39.66106403,159,163,161,160
1574,39.67366885,161,156,159,160
1575,39.68626967,160,157,158,159
1576,39.69886648,161,159,161,158
1577,39.7114593,163,160,161,159
1578,39.72404813,156,160,161,159
1579,39.73663297,163,160,156,160
1580,39.74921383,163,161,157,160
1581,39.7617907,161,162,159,161
1582,39.7743636,160,164,157,162
1583,39.78693253,160,162,158,161
1584,39.79949748,161,164,161,159
1585,39.81205847,158,166,165,158
1586,39.8246155,156,165,165,159
1587,39.83716857,160,163,161,159
1588,39.84971769,160,164,159,160
1589,39.86226286,155,165,159,157
1590,39.87480407,158,163,158,157
1591,39.88734135,157,165,159,158
1592,39.89987469,161,164,156,157
1593,39.91240409,160,165,158,161
1594,39.92492956,160,165,159,160
1595,39.9374511,160,163,160,159
1596,39.94996871,160,163,159,163
1597,39.96248241,161,165,158,158
1598,39.97499218,164,165,156,160
1599,39.98749805,166,163,159,159
1600,40,164,163,161,159
1601,40.01249805,164,163,164,159
1602,40.02499219,169,162,164,160
1603,40.03748244,167,162,163,160
1604,40.04996879,164,165,163,161
1605,40.06245125,162,165,163,161
1606,40.07492982,166,165,161,162
1607,40.08740451,170,163,160,160
1608,40.09987531,168,161,152,162
1609,40.11234224,167,160,160,162
1610,40.1248053,165,160,161,162
1611,40.13726448,166,161,159,161
1612,40.1497198,167,163,159,161
1613,40.16217126,165,165,161,162
1614,40.17461885,167,162,160,162
1615,40.18706259,166,164,160,164
1616,40.19950248,162,162,158,165
1617,40.21193853,163,158,157,162
1618,40.22437072,159,162,158,160
1619,40.23679908,161,163,162,159
1620,40.24922359,161,162,160,159
1621,40.26164428,161,162,159,161
1622,40.27406113,161,159,157,163
1623,40.28647416,158,162,157,164
1624,40.29888336,160,162,158,161
1625,40.31128874,160,162,153,161
1626,40.32369031,162,161,155,162
1627,40.33608806,163,160,158,163
1628,40.348482,166,160,157,164
1629,40.36087214,162,161,157,161
1630,40.37325848,162,158,155,161
1631,40.38564101,160,162,153,160
1632,40.39801975,161,162,156,161
1633,40.4103947,162,163,158,161
1634,40.42276586,160,163,156,161
1635,40.43513324,159,166,158,161
1636,40.44749683,159,167,159,160
1637,40.45985665,162,168,158,162
1638,40.47221269,159,169,161,160
1639,40.48456496,160,166,160,160
1640,40.49691346,160,167,158,162
1641,40.5092582,160,162,159,161
1642,40.52159918,161,162,159,164
1643,40.5339364,166,164,160,164
1644,40.54626987,166,165,160,162
1645,40.55859958,165,166,159,162
1646,40.57092555,166,163,161,161
1647,40.58324778,162,164,159,161
1648,40.59556626,159,165,159,161
1649,40.60788101,159,164,157,161
1650,40.62019202,159,162,157,163
1651,40.63249931,158,163,159,163
1652,40.64480287,158,166,161,163
1653,40.6571027,157,165,161,160
1654,40.66939882,159,165,161,161
1655,40.68169121,162,161,160,161
1656,40.6939799,162,163,161,160
1657,40.70626487,162,167,160,162
1658,40.71854614,166,163,160,162
1659,40.73082371,167,164,162,161
1660,40.74309757,167,165,162,164
1661,40.75536774,166,166,161,164
1662,40.76763422,166,165,165,164
1663,40.77989701,164,163,162,164
1664,40.79215611,163,166,160,165
1665,40.80441153,164,166,161,166
1666,40.81666326,162,166,163,165
1667,40.82891133,160,166,159,165
1668,40.84115571,160,164,159,164
1669,40.85339643,162,168,161,166
1670,40.86563348,159,165,160,166
1671,40.87786687,157,164,164,165
1672,40.8900966,159,163,163,167
1673,40.90232267,164,166,162,163
1674,40.91454509,160,162,159,167
1675,40.92676386,161,165,157,166
1676,40.93897898,163,164,157,164
1677,40.95119046,163,170,161,164
1678,40.9633983,162,166,160,162
1679,40.9756025,165,168,162,162
1680,40.98780306,169,169,159,162
1681,41,165,169,161,163
1682,41.01219331,165,169,157,163
1683,41.02438299,166,169,157,162
1684,41.03656906,163,165,160,162
1685,41.0487515,161,165,159,162
1686,41.06093034,162,165,160,164
1687,41.07310556,161,169,159,167
1688,41.08527717,163,171,159,167
1689,41.09744518,164,170,160,170
1690,41.10960958,165,171,160,168
1691,41.12177039,164,166,161,165
1692,41.1339276,166,171,161,165
1693,41.14608122,163,166,158,166
1694,41.15823125,162,169,158,166
1695,41.1703777,159,170,158,167
1696,41.18252056,160,169,159,166
1697,41.19465985,162,170,156,165
1698,41.20679556,164,170,158,163
1699,41.21892769,165,169,159,163
1700,41.23105626,165,169,159,165
1701,41.24318125,161,170,160,165
1702,41.25530269,162,167,160,165
1703,41.26742056,167,168,167,166
1704,41.27953488,167,168,167,167
1705,41.29164564,165,168,164,167
1706,41.30375286,166,168,162,164
1707,41.31585652,166,165,163,163
1708,41.32795664,165,166,161,163
1709,41.34005322,164,167,162,164
1710,41.35214626,167,166,160,163
1711,41.36423576,166,166,164,163
1712,41.37632173,165,167,163,164
1713,41.38840417,165,168,162,164
1714,41.40048309,164,167,159,164
1715,41.41255848,164,167,159,165
1716,41.42463035,163,170,160,165
1717,41.43669871,166,170,159,167
1718,41.44876355,166,169,164,164
1719,41.46082488,165,166,163,164
1720,41.47288271,169,169,159,166
1721,41.48493703,169,170,157,164
1722,41.49698784,167,169,159,165
1723,41.50903516,167,171,158,165
1724,41.52107898,166,166,163,166
1725,41.53311931,169,170,163,165
1726,41.54515616,168,169,161,166
1727,41.55718951,163,168,166,166
1728,41.56921938,163,168,168,166
1729,41.58124577,165,168,169,165
1730,41.59326869,165,168,169,165
1731,41.60528813,160,168,168,164
1732,41.61730409,163,164,165,165
1733,41.62931659,169,166,166,166
1734,41.64132563,166,169,163,166
1735,41.6533312,166,168,162,166
1736,41.66533331,166,169,163,165
1737,41.67733197,165,169,162,165
1738,41.68932717,165,168,163,168
1739,41.70131892,167,170,161,167
1740,41.71330723,167,169,163,167
1741,41.72529209,167,169,164,168
1742,41.73727351,166,164,162,169
1743,41.74925149,168,168,161,169
1744,41.76122604,168,169,159,169
1745,41.77319715,168,168,158,169
1746,41.78516483,165,172,163,166
1747,41.79712909,167,168,163,169
1748,41.80908992,167,167,159,167
1749,41.82104733,167,168,159,166
1750,41.83300133,172,173,162,166
1751,41.84495191,168,171,164,165
1752,41.85689907,171,170,163,166
1753,41.86884283,172,168,164,165
1754,41.88078318,166,170,163,167
1755,41.89272013,164,170,160,166
1756,41.90465368,166,165,162,167
1757,41.91658383,164,166,161,168
1758,41.92851059,165,167,160,168
1759,41.94043395,165,170,161,165
1760,41.95235393,164,170,163,166
1761,41.96427052,165,170,162,168
1762,41.97618372,166,173,162,171
1763,41.98809355,170,164,162,167
1764,42,169,164,163,166
1765,42.01190308,168,171,162,167
1766,42.02380278,168,173,165,167
1767,42.03569911,167,171,166,168
1768,42.04759208,163,173,164,168
1769,42.05948169,166,172,162,166
1770,42.07136794,169,171,160,165
1771,42.08325083,167,170,162,165
1772,42.09513036,166,167,163,166
1773,42.10700654,168,168,163,168
1774,42.11887938,170,168,163,167
1775,42.13074887,168,165,165,168
1776,42.14261501,167,174,163,167
1777,42.15447782,165,166,165,171
1778,42.16633728,166,166,161,169
1779,42.17819342,168,166,160,167
1780,42.19004622,169,171,161,169
1781,42.20189569,167,171,166,167
1782,42.21374184,168,169,167,171
1783,42.22558466,170,169,165,167
1784,42.23742416,166,170,167,169
1785,42.24926035,170,171,167,172
1786,42.26109322,170,174,166,170
1787,42.27292278,171,175,165,172
1788,42.28474902,169,174,166,172
1789,42.29657197,169,175,162,169
1790,42.3083916,168,175,163,169
1791,42.32020794,170,176,165,168
1792,42.33202098,172,169,165,167
1793,42.34383072,172,167,164,168
1794,42.35563717,174,167,162,170
1795,42.36744033,166,165,168,169
1796,42.3792402,167,168,165,168
1797,42.39103679,168,171,163,168
1798,42.40283009,170,173,164,169
1799,42.41462012,169,172,161,171
1800,42.42640687,170,162,160,171
1801,42.43819035,171,171,156,170
1802,42.44997055,172,173,159,171
1803,42.46174749,173,173,158,172
1804,42.47352116,173,171,164,172
1805,42.48529157,173,173,164,172
1806,42.49705872,173,173,163,172
1807,42.50882261,174,174,169,169
1808,42.52058325,168,178,165,167
1809,42.53234064,168,174,165,170
1810,42.54409477,166,170,163,169
1811,42.55584566,167,172,160,170
1812,42.56759331,168,173,166,166
1813,42.57933771,170,175,168,166
1814,42.59107888,170,176,169,166
1815,42.60281681,171,172,169,167
1816,42.61455151,170,171,168,169
1817,42.62628297,172,171,168,169
1818,42.63801121,170,172,169,170
1819,42.64973622,170,174,170,169
1820,42.66145802,172,174,168,170
1821,42.67317659,173,172,166,171
1822,42.68489194,171,171,165,167
1823,42.69660408,173,171,164,169
1824,42.70831301,173,169,162,168
1825,42.72001873,172,169,162,168
1826,42.73172124,173,171,164,168
1827,42.74342055,174,170,165,168
1828,42.75511665,175,176,164,167
1829,42.76680956,175,177,168,169
1830,42.77849927,171,176,167,167
1831,42.79018579,171,174,163,168
1832,42.80186912,170,173,165,168
1833,42.81354926,170,172,167,172
1834,42.82522621,167,173,166,171
1835,42.83689998,168,172,172,172
1836,42.84857057,172,173,165,172
1837,42.86023798,172,176,167,169
1838,42.87190222,174,176,171,169
1839,42.88356328,174,176,168,169
1840,42.89522118,174,178,171,170
1841,42.90687591,172,179,168,169
1842,42.91852747,174,178,167,169
1843,42.93017587,174,178,168,170
1844,42.94182111,173,178,165,169
1845,42.95346319,176,181,168,169
1846,42.96510212,174,178,166,169
1847,42.97673789,178,178,166,167
1848,42.98837052,177,177,164,167
1849,43,170,173,163,168
1850,43.01162634,173,173,164,167
1851,43.02324953,169,176,164,167
1852,43.03486958,172,177,165,167
1853,43.0464865,173,170,166,168
1854,43.05810028,172,173,165,169
1855,43.06971093,172,172,166,168
1856,43.08131846,172,171,166,169
1857,43.09292285,171,174,170,168
1858,43.10452412,169,175,166,168
1859,43.11612227,171,176,165,168
1860,43.12771731,171,175,168,169
1861,43.13930922,169,174,167,168
1862,43.15089802,168,173,167,168
1863,43.16248371,173,166,168,170
1864,43.17406629,171,169,161,169
1865,43.18564576,169,168,167,169
1866,43.19722213,175,168,167,169
1867,43.2087954,176,177,166,171
1868,43.22036557,172,176,162,170
1869,43.23193264,172,176,163,170
1870,43.24349662,171,176,169,172
1871,43.25505751,171,174,168,169
1872,43.26661531,174,171,167,169
1873,43.27817002,173,176,167,171
1874,43.28972164,173,171,168,172
1875,43.30127019,173,171,165,172
1876,43.31281566,173,171,164,171
1877,43.32435804,171,172,163,171
1878,43.33589736,171,173,166,173
1879,43.3474336,171,171,166,172
1880,43.35896678,171,169,165,172
1881,43.37049688,170,169,165,169
1882,43.38202393,170,174,163,170
1883,43.39354791,172,167,165,172
1884,43.40506883,174,177,163,171
1885,43.41658669,174,177,164,170
1886,43.4281015,173,178,163,170
1887,43.43961326,172,176,163,171
1888,43.45112196,173,175,160,169
1889,43.46262762,176,174,164,170
1890,43.47413024,174,172,162,170
1891,43.48562981,170,172,161,171
1892,43.49712634,173,170,162,170
1893,43.50861984,170,168,168,170
1894,43.52011029,172,170,163,172
1895,43.53159772,170,169,168,174
1896,43.54308211,170,169,165,176
1897,43.55456348,172,170,165,169
1898,43.56604182,177,170,164,170
1899,43.57751714,177,169,165,170
1900,43.58898944,178,173,168,170
1901,43.60045871,179,172,168,169
1902,43.61192497,178,173,167,170
1903,43.62338822,176,172,168,170
1904,43.63484846,177,170,168,173
1905,43.64630569,175,170,170,172
1906,43.65775991,174,170,169,170
1907,43.66921112,174,170,168,171
1908,43.68065934,174,169,164,170
1909,43.69210455,171,167,162,170
1910,43.70354677,172,169,164,171
1911,43.71498599,171,167,164,169
1912,43.72642222,169,175,163,171
1913,43.73785546,175,172,165,172
1914,43.74928571,176,173,167,170
1915,43.76071297,173,171,167,171
1916,43.77213726,171,173,164,171
1917,43.78355856,172,173,165,171
1918,43.79497688,172,172,164,170
1919,43.80639223,175,171,166,169
1920,43.8178046,173,173,166,169
1921,43.829214,173,167,166,170
1922,43.84062043,175,165,164,172
1923,43.8520239,174,173,161,170
1924,43.8634244,169,172,165,170
1925,43.87482194,172,168,164,171
1926,43.88621651,173,169,163,169
1927,43.89760814,176,168,162,170
1928,43.9089968,173,165,162,170
1929,43.92038251,172,169,162,169
1930,43.93176527,173,164,162,169
1931,43.94314509,174,165,160,170
1932,43.95452195,174,168,160,171
1933,43.96589587,175,169,159,171
1934,43.97726685,175,167,159,171
1935,43.9886349,175,165,159,171
1936,44,172,165,162,172
1937,44.01136217,172,168,162,172
1938,44.02272141,172,168,168,171
1939,44.03407771,173,167,165,169
1940,44.04543109,175,167,165,169
1941,44.05678154,173,172,167,169
1942,44.06812907,172,175,167,174
1943,44.07947368,175,174,166,173
1944,44.09081537,176,169,163,170
1945,44.10215414,173,169,160,171
1946,44.11349,173,171,162,171
1947,44.12482295,173,173,165,173
1948,44.13615298,173,169,167,174
1949,44.14748011,171,162,166,172
1950,44.15880433,174,170,162,172
1951,44.17012565,175,169,165,172
1952,44.18144407,178,170,163,171
1953,44.19275959,177,170,163,170
1954,44.20407221,173,171,166,169
1955,44.21538194,174,170,166,171
1956,44.22668877,175,172,164,171
1957,44.23799272,174,172,164,174
1958,44.24929378,175,171,165,174
1959,44.26059195,178,172,164,172
1960,44.27188724,176,169,163,169
1961,44.28317965,178,172,163,170
1962,44.29446918,176,175,168,170
1963,44.30575583,175,175,168,170
1964,44.31703961,173,174,167,169
1965,44.32832052,173,173,164,170
1966,44.33959855,174,172,165,170
1967,44.35087372,171,170,165,172
1968,44.36214603,171,170,165,174
1969,44.37341546,171,172,164,172
1970,44.38468204,170,172,162,171
1971,44.39594576,170,171,163,172
1972,44.40720662,171,170,169,171
1973,44.41846463,176,169,165,172
1974,44.42971978,179,168,172,171
1975,44.44097209,177,171,164,170
1976,44.45222154,177,164,165,170
1977,44.46346815,175,168,162,170
1978,44.47471192,169,167,163,171
1979,44.48595284,172,166,167,170
1980,44.49719092,171,165,165,170
1981,44.50842617,174,168,166,170
1982,44.51965858,177,169,166,170
1983,44.53088816,176,169,164,169
1984,44.5421149,175,172,163,170
1985,44.55333882,176,172,162,170
1986,44.56455991,175,174,162,169
1987,44.57577818,174,169,162,170
1988,44.58699362,174,169,166,170
1989,44.59820624,174,172,167,169
1990,44.60941605,175,172,171,172
1991,44.62062303,173,169,170,171
1992,44.63182721,174,171,172,171
1993,44.64302857,175,171,170,170
1994,44.65422712,174,174,170,171
1995,44.66542287,174,174,169,172
1996,44.67661581,175,173,169,171
1997,44.68780594,175,167,169,172
1998,44.69899328,176,168,167,172
1999,44.71017781,175,169,167,170
2000,44.72135955,175,167,168,172
2001,44.73253849,173,171,164,171
2002,44.74371464,175,171,167,169
2003,44.754888,177,169,164,168
2004,44.76605857,178,165,163,171
2005,44.77722635,178,174,164,172
2006,44.78839135,177,167,171,172
2007,44.79955357,175,173,165,173
2008,44.810713,176,173,169,171
2009,44.82186966,176,174,165,169
2010,44.83302354,175,174,170,170
2011,44.84417465,173,175,171,169
2012,44.85532298,175,175,165,170
2013,44.86646855,180,174,164,171
2014,44.87761134,181,172,163,171
2015,44.88875137,177,172,167,171
2016,44.89988864,178,175,168,170
2017,44.91102315,178,171,167,173
2018,44.92215489,173,170,168,172
2019,44.93328388,175,173,168,172
2020,44.94441011,176,171,166,172
2021,44.95553359,176,172,164,173
2022,44.96665431,174,172,164,173
2023,44.97777229,174,172,163,172
2024,44.98888752,177,172,167,172
2025,45,179,174,165,171
2026,45.01110974,178,175,165,171
2027,45.02221674,174,175,164,171
2028,45.033321,176,175,165,171
2029,45.04442252,175,161,166,170
2030,45.0555213,174,167,165,172
2031,45.06661736,181,166,166,174
2032,45.07771068,179,174,166,170
2033,45.08880127,177,175,166,173
2034,45.09988914,181,175,165,171
2035,45.11097427,178,172,164,171
2036,45.12205669,180,172,163,171
2037,45.13313639,177,172,165,171
2038,45.14421336,175,170,165,170
2039,45.15528762,175,169,164,168
2040,45.16635916,176,173,165,172
2041,45.17742799,175,176,168,169
2042,45.18849411,173,176,166,168
2043,45.19955752,175,173,168,170
2044,45.21061822,176,170,169,170
2045,45.22167622,177,169,171,168
2046,45.23273151,176,172,166,169
2047,45.2437841,175,172,164,171
2048,45.254834,180,176,162,169
2049,45.26588119,177,174,162,169
2050,45.27692569,176,173,162,170
2051,45.2879675,173,170,162,170
2052,45.29900661,173,173,166,170
2053,45.31004304,173,173,166,170
2054,45.32107677,173,171,167,170
2055,45.33210783,174,170,166,173
2056,45.3431362,172,171,163,173
2057,45.35416188,174,166,167,171
2058,45.36518489,178,164,163,169
2059,45.37620522,179,167,164,170
2060,45.38722287,177,167,166,171
2061,45.39823785,176,167,167,171
2062,45.40925016,172,170,163,175
2063,45.4202598,175,175,165,172
2064,45.43126677,174,174,167,173
2065,45.44227107,176,174,164,174
2066,45.45327271,176,170,165,173
2067,45.46427169,175,177,161,172
2068,45.475268,175,176,164,172
2069,45.48626166,175,172,163,174
2070,45.49725266,176,174,167,173
2071,45.50824101,177,175,167,175
2072,45.51922671,176,176,168,173
2073,45.53020975,177,173,165,172
2074,45.54119015,176,175,165,170
2075,45.5521679,175,175,166,171
2076,45.563143,176,175,168,171
2077,45.57411546,174,174,164,170
2078,45.58508528,179,173,167,170
2079,45.59605246,176,174,166,170
2080,45.607017,177,175,169,169
2081,45.61797891,176,177,170,171
2082,45.62893819,179,177,169,172
2083,45.63989483,175,177,170,172
2084,45.65084884,178,176,171,171
2085,45.66180023,180,176,171,171
2086,45.67274899,179,178,175,170
2087,45.68369512,177,177,166,171
2088,45.69463864,174,177,168,173
2089,45.70557953,173,176,170,174
2090,45.7165178,175,176,169,173
2091,45.72745346,174,177,171,174
2092,45.7383865,172,176,171,174
2093,45.74931693,181,177,169,174
2094,45.76024475,181,174,169,170
2095,45.77116997,177,175,170,170
2096,45.78209257,175,174,171,171
2097,45.79301257,177,175,171,171
2098,45.80392996,177,178,169,171
2099,45.81484476,174,178,172,173
2100,45.82575695,175,174,172,171
2101,45.83666655,176,178,172,171
2102,45.84757355,178,176,172,171
2103,45.85847795,178,175,169,172
2104,45.86937976,178,175,171,172
2105,45.88027899,182,176,170,172
2106,45.89117562,181,176,170,172
2107,45.90206967,181,182,171,173
2108,45.91296113,181,182,171,171
2109,45.92385001,181,180,172,172
2110,45.93473631,181,176,168,173
2111,45.94562003,181,179,170,173
2112,45.95650117,181,178,171,175
2113,45.96737974,179,175,168,173
2114,45.97825573,180,178,168,170
2115,45.98912915,179,180,167,171
2116,46,180,181,171,172
2117,46.01086828,180,179,167,172
2118,46.021734,177,178,167,173
2119,46.03259715,175,176,168,172
2120,46.04345773,176,177,170,174
2121,46.05431576,176,174,172,177
2122,46.06517123,178,177,171,176
2123,46.07602413,182,177,172,174
2124,46.08687449,175,178,174,174
2125,46.09772229,175,177,175,172
2126,46.10856753,173,177,173,172
2127,46.11941023,176,176,171,171
2128,46.13025038,173,177,171,172
2129,46.14108798,170,179,175,172
2130,46.15192304,172,168,174,171
2131,46.16275555,175,169,172,173
2132,46.17358552,176,169,175,171
2133,46.18441296,176,170,173,173
2134,46.19523785,179,169,176,174
2135,46.20606021,180,172,175,172
2136,46.21688003,181,176,174,174
2137,46.22769733,180,177,172,175
2138,46.23851209,176,176,171,174
2139,46.24932432,175,176,172,173
2140,46.26013402,174,178,169,174
2141,46.27094121,174,177,172,174
2142,46.28174586,172,180,170,173
2143,46.292548,173,176,168,173
2144,46.30334761,172,179,170,172
2145,46.31414471,177,176,172,173
2146,46.32493929,178,177,168,175
2147,46.33573135,178,179,167,175
2148,46.34652091,178,180,169,175
2149,46.35730795,174,180,171,175
2150,46.36809248,173,181,169,172
2151,46.3788745,175,180,170,172
2152,46.38965402,176,177,167,172
2153,46.40043103,178,176,167,174
2154,46.41120554,180,176,167,176
2155,46.42197755,181,179,166,173
2156,46.43274706,181,177,166,173
2157,46.44351408,180,177,167,174
2158,46.4542786,179,171,167,172
2159,46.46504062,176,173,166,172
2160,46.47580015,179,170,172,173
2161,46.4865572,179,172,168,172
2162,46.49731175,177,171,168,171
2163,46.50806382,178,172,167,171
2164,46.5188134,179,172,170,172
2165,46.5295605,180,172,170,173
2166,46.54030511,180,173,170,172
2167,46.55104725,179,174,169,173
2168,46.56178691,177,175,168,173
2169,46.57252409,176,177,168,173
2170,46.5832588,176,177,169,173
2171,46.59399103,176,175,168,172
2172,46.60472079,176,175,167,171
2173,46.61544808,178,174,167,172
2174,46.62617291,176,174,167,172
2175,46.63689527,171,177,172,172
2176,46.64761516,173,177,172,172
2177,46.65833259,172,177,174,171
2178,46.66904756,174,173,171,172
2179,46.67976007,173,174,167,173
2180,46.69047012,172,178,168,172
2181,46.70117772,174,178,169,171
2182,46.71188286,174,182,170,173
2183,46.72258554,175,181,173,173
2184,46.73328578,177,181,170,171
2185,46.74398357,175,181,173,171
2186,46.75467891,176,178,173,172
2187,46.7653718,179,182,171,174
2188,46.77606225,177,178,170,174
2189,46.78675026,177,178,174,173
2190,46.79743583,178,177,176,173
2191,46.80811895,178,177,177,172
2192,46.81879964,179,179,172,173
2193,46.8294779,178,177,172,173
2194,46.84015371,175,173,171,170
2195,46.8508271,175,173,171,170
2196,46.86149806,176,179,177,170
2197,46.87216658,172,182,177,172
2198,46.88283268,181,183,170,173
2199,46.89349635,182,182,169,171
2200,46.9041576,179,183,169,171
2201,46.91481642,181,174,168,174
2202,46.92547283,180,180,170,173
2203,46.93612681,180,174,174,174
2204,46.94677838,177,177,172,172
2205,46.95742753,177,178,175,173
2206,46.96807426,179,179,173,174
2207,46.97871859,178,179,172,174
2208,46.9893605,180,179,172,174
2209,47,181,180,171,174
2210,47.01063709,179,181,171,174
2211,47.02127178,178,180,171,174
2212,47.03190407,178,178,167,173
2213,47.04253395,182,181,174,174
2214,47.05316142,182,182,173,174
2215,47.0637865,180,179,173,174
2216,47.07440918,180,178,174,172
2217,47.08502947,179,181,168,173
2218,47.09564736,177,174,166,173
2219,47.10626285,177,178,165,173
2220,47.11687596,175,179,164,173
2221,47.12748667,178,177,163,173
2222,47.138095,174,181,166,175
2223,47.14870094,178,180,170,175
2224,47.15930449,176,170,168,175
2225,47.16990566,176,175,167,176
2226,47.18050445,177,172,165,176
2227,47.19110086,178,176,168,176
2228,47.20169488,174,178,169,177
2229,47.21228654,176,174,170,175
2230,47.22287581,176,175,168,174
2231,47.23346271,177,177,170,173
2232,47.24404724,181,176,165,175
2233,47.2546294,182,177,166,176
2234,47.26520919,178,177,169,175
2235,47.27578661,180,179,170,173
2236,47.28636167,180,180,170,175
2237,47.29693436,182,178,171,174
2238,47.30750469,180,174,170,173
2239,47.31807266,179,178,171,173
2240,47.32863826,176,178,170,173
2241,47.33920151,176,169,171,174
2242,47.34976241,179,179,170,175
2243,47.36032094,180,178,171,175
2244,47.37087713,182,174,168,174
2245,47.38143096,181,178,169,174
2246,47.39198244,180,174,169,172
2247,47.40253158,182,178,169,174
2248,47.41307836,180,177,172,177
2249,47.42362281,179,176,170,177
2250,47.4341649,182,171,170,177
2251,47.44470466,182,172,170,177
2252,47.45524207,182,170,174,175
2253,47.46577715,178,171,171,174
2254,47.47630988,180,171,172,174
2255,47.48684028,178,176,172,174
2256,47.49736835,180,175,175,174
2257,47.50789408,181,179,168,177
2258,47.51841748,177,175,171,175
2259,47.52893855,179,178,172,175
2260,47.5394573,178,176,173,174
2261,47.54997371,175,182,169,175
2262,47.5604878,173,178,169,176
2263,47.57099957,175,179,170,175
2264,47.58150901,176,178,168,176
2265,47.59201614,176,179,168,174
2266,47.60252094,176,176,165,174
2267,47.61302343,174,176,164,175
2268,47.6235236,175,176,165,177
2269,47.63402146,177,180,166,173
2270,47.644517,180,181,176,172
2271,47.65501023,180,182,170,173
2272,47.66550115,174,183,166,173
2273,47.67598976,180,183,169,172
2274,47.68647607,178,182,170,173
2275,47.69696007,178,180,170,173
2276,47.70744177,179,180,169,173
2277,47.71792116,180,177,171,172
2278,47.72839826,177,179,176,172
2279,47.73887305,178,172,174,172
2280,47.74934555,178,178,169,172
2281,47.75981575,177,180,169,172
2282,47.77028365,172,179,170,172
2283,47.78074926,179,176,170,172
2284,47.79121258,176,179,171,172
2285,47.80167361,176,181,177,172
2286,47.81213235,177,180,175,172
2287,47.8225888,177,175,174,174
2288,47.83304297,180,175,171,173
2289,47.84349486,179,180,171,173
2290,47.85394446,180,180,171,173
2291,47.86439178,180,180,171,173
2292,47.87483681,179,179,170,173
2293,47.88527958,179,179,170,173
2294,47.89572006,184,182,168,173
2295,47.90615827,184,182,172,174
2296,47.9165942,180,181,172,174
2297,47.92702787,181,177,171,176
2298,47.93745926,179,177,174,176
2299,47.94788838,181,180,174,176
2300,47.95831523,180,178,175,174
2301,47.96873982,180,178,176,176
2302,47.97916214,183,184,176,179
2303,47.9895822,179,186,171,179
2304,48,181,183,174,177
2305,48.01041554,182,184,171,179
2306,48.02082881,179,185,172,178
2307,48.03123983,179,186,171,177
2308,48.0416486,176,187,169,174
2309,48.05205511,177,183,173,174
2310,48.06245936,177,183,174,175
2311,48.07286137,178,185,172,174
2312,48.08326112,178,183,172,174
2313,48.09365863,179,174,173,172
2314,48.10405388,181,182,173,174
2315,48.11444689,182,178,174,173
2316,48.12483766,181,181,174,174
2317,48.13522619,180,178,172,175
2318,48.14561247,178,181,175,175
2319,48.15599651,178,181,175,176
2320,48.16637832,181,180,175,175
2321,48.17675788,180,182,174,175
2322,48.18713521,178,180,171,177
2323,48.19751031,179,179,170,176
2324,48.20788317,182,179,174,175
2325,48.2182538,183,180,176,175
2326,48.22862221,182,180,176,174
2327,48.23898838,182,182,174,176
2328,48.24935233,178,182,176,174
2329,48.25971405,175,182,177,175
2330,48.27007354,179,182,176,174
2331,48.28043082,181,183,180,174
2332,48.29078587,181,186,179,178
2333,48.3011387,183,178,177,175
2334,48.31148932,180,178,177,175
2335,48.32183771,183,179,176,175
2336,48.33218389,181,179,172,174
2337,48.34252786,182,177,174,175
2338,48.35286961,182,181,173,175
2339,48.36320916,182,179,175,175
2340,48.37354649,181,178,176,177
2341,48.38388161,183,179,172,179
2342,48.39421453,183,181,171,174
2343,48.40454524,182,181,171,174
2344,48.41487375,180,181,176,176
2345,48.42520005,183,182,174,177
2346,48.43552415,179,183,177,177
2347,48.44584606,179,179,177,176
2348,48.45616576,180,183,172,177
2349,48.46648326,183,184,176,177
2350,48.47679857,182,181,176,178
2351,48.48711169,180,182,175,176
2352,48.49742261,180,179,175,175
2353,48.50773134,180,180,173,176
2354,48.51803788,178,183,174,177
2355,48.52834223,180,180,177,175
2356,48.5386444,180,183,177,175
2357,48.54894438,181,180,176,175
2358,48.55924217,181,182,176,174
2359,48.56953778,180,183,176,176
2360,48.57983121,179,183,178,174
2361,48.59012245,176,184,177,176
2362,48.60041152,178,185,174,178
2363,48.61069841,181,185,177,177
2364,48.62098312,184,185,175,176
2365,48.63126566,182,183,172,179
2366,48.64154603,183,185,173,177
2367,48.65182422,183,187,178,178
2368,48.66210024,181,187,179,177
2369,48.67237409,181,186,176,176
2370,48.68264578,181,186,176,178
2371,48.6929153,182,186,176,177
2372,48.70318265,182,187,177,177
2373,48.71344784,182,184,175,176
2374,48.72371086,181,185,175,177
2375,48.73397172,182,184,171,175
2376,48.74423043,181,185,171,175
2377,48.75448697,184,182,172,177
2378,48.76474136,187,186,178,177
2379,48.77499359,184,187,178,179
2380,48.78524367,183,187,180,178
2381,48.7954916,184,187,175,178
2382,48.80573737,182,184,178,177
2383,48.81598099,182,183,175,177
2384,48.82622246,180,182,174,176
2385,48.83646179,180,183,174,176
2386,48.84669897,181,183,177,174
2387,48.856934,178,182,176,173
2388,48.86716689,180,183,175,172
2389,48.87739764,178,181,183,173
2390,48.88762625,178,178,181,172
2391,48.89785271,181,183,171,173
2392,48.90807704,181,183,176,178
2393,48.91829923,182,184,172,179
2394,48.92851929,180,185,174,176
2395,48.93873721,182,180,175,175
2396,48.948953,181,182,173,175
2397,48.95916666,181,182,172,179
2398,48.96937819,183,182,173,178
2399,48.97958759,180,182,174,177
2400,48.98979486,179,181,172,176
2401,49,180,181,172,176
2402,49.01020302,179,179,174,176
2403,49.02040392,178,181,173,177
2404,49.03060269,180,178,171,177
2405,49.04079934,177,175,174,176
2406,49.05099387,178,178,174,177
2407,49.06118629,181,183,175,178
2408,49.07137659,184,183,175,176
2409,49.08156477,185,181,172,176
2410,49.09175083,182,177,175,176
2411,49.10193479,183,179,174,178
2412,49.11211663,182,180,170,177
2413,49.12229636,180,181,172,174
2414,49.13247399,181,183,170,174
2415,49.1426495,181,182,174,176
2416,49.15282291,186,182,171,175
2417,49.16299421,187,180,171,175
2418,49.17316341,186,181,170,175
2419,49.18333051,185,180,171,175
2420,49.1934955,185,184,171,176
2421,49.2036584,182,181,169,178
2422,49.2138192,182,184,172,177
2423,49.2239779,183,184,173,176
2424,49.2341345,184,184,172,178
2425,49.24428901,181,179,173,177
2426,49.25444142,181,183,168,177
2427,49.26459175,179,179,173,178
2428,49.27473998,182,179,174,179
2429,49.28488612,184,178,172,180
2430,49.29503018,185,183,173,179
2431,49.30517214,183,179,175,180
2432,49.31531202,180,180,170,177
2433,49.32544982,178,181,171,179
2434,49.33558553,182,184,173,181
2435,49.34571917,181,181,174,176
2436,49.35585072,182,181,172,176
2437,49.36598019,181,182,174,176
2438,49.37610758,184,182,179,177
2439,49.3862329,185,184,178,177
2440,49.39635614,179,183,180,178
2441,49.40647731,181,182,179,176
2442,49.4165964,181,185,177,176
2443,49.42671343,179,184,176,176
2444,49.43682838,181,182,178,176
2445,49.44694126,182,185,170,176
2446,49.45705208,184,183,171,177
2447,49.46716082,181,184,174,175
2448,49.47726751,181,184,172,175
2449,49.48737213,184,184,171,174
2450,49.49747468,183,187,169,176
2451,49.50757518,182,187,172,176
2452,49.51767361,183,183,173,177
2453,49.52776999,182,184,177,177
2454,49.53786431,183,186,177,181
2455,49.54795657,182,186,175,181
2456,49.55804677,183,182,176,179
2457,49.56813493,184,184,176,179
2458,49.57822102,183,188,175,178
2459,49.58830507,178,185,175,177
2460,49.59838707,182,186,176,180
2461,49.60846702,182,186,175,176
2462,49.61854492,182,181,174,177
2463,49.62862077,181,183,177,178
2464,49.63869458,180,184,175,176
2465,49.64876635,182,184,175,179
2466,49.65883607,178,182,178,179
2467,49.66890375,178,182,175,181
2468,49.67896939,183,180,177,181
2469,49.689033,183,180,178,180
2470,49.69909456,182,180,178,180
2471,49.70915409,183,179,175,180
2472,49.71921158,184,178,175,179
2473,49.72926704,183,178,174,179
2474,49.73932046,186,181,173,179
2475,49.74937186,185,178,170,176
2476,49.75942122,183,180,173,175
2477,49.76946855,179,182,172,178
2478,49.77951386,179,182,173,178
2479,49.78955714,178,182,167,179
2480,49.79959839,180,182,179,178
2481,49.80963762,183,184,180,178
2482,49.81967483,180,185,182,180
2483,49.82971001,184,187,179,178
2484,49.83974318,184,186,175,178
2485,49.84977432,183,188,176,178
2486,49.85980345,183,186,176,179
2487,49.86983056,184,182,176,178
2488,49.87985565,182,183,178,178
2489,49.88987873,181,178,180,178
2490,49.8998998,182,178,175,178
2491,49.90991885,183,180,172,176
2492,49.9199359,181,181,175,176
2493,49.92995093,180,179,172,180
2494,49.93996396,180,180,174,179
2495,49.94997497,179,184,173,180
2496,49.95998399,180,185,176,179
2497,49.96999099,183,181,177,182
2498,49.979996,182,182,175,182
2499,49.989999,183,181,177,181
2500,50,185,185,174,180
2501,50.009999,184,184,176,177
2502,50.019996,183,185,177,177
2503,50.02999101,182,186,179,177
2504,50.03998401,178,186,176,177
2505,50.04997502,178,186,181,177
2506,50.05996404,178,188,180,177
2507,50.06995107,178,185,179,179
2508,50.0799361,180,182,177,179
2509,50.08991915,180,185,177,176
2510,50.0999002,180,183,176,177
2511,50.10987927,183,184,176,176
2512,50.11985634,181,181,177,181
2513,50.12983144,179,183,176,180
2514,50.13980455,186,181,175,179
2515,50.14977567,181,183,172,179
2516,50.15974482,181,185,173,179
2517,50.16971198,182,185,173,179
2518,50.17967716,183,184,172,179
2519,50.18964037,179,184,171,177
2520,50.19960159,180,185,172,179
2521,50.20956084,178,184,174,178
2522,50.21951812,175,183,169,178
2523,50.22947342,178,184,172,180
2524,50.23942675,178,185,171,180
2525,50.24937811,178,185,172,179
2526,50.25932749,178,183,175,178
2527,50.26927491,176,184,175,177
2528,50.27922036,187,184,178,178
2529,50.28916384,183,185,176,177
2530,50.29910536,184,185,176,176
2531,50.30904491,181,183,175,177
2532,50.3189825,185,182,174,179
2533,50.32891813,182,183,176,180
2534,50.33885179,182,183,178,180
2535,50.3487835,183,181,176,179
2536,50.35871325,182,182,175,178
2537,50.36864104,181,181,174,177
2538,50.37856687,184,180,176,176
2539,50.38849075,181,184,177,177
2540,50.39841267,181,184,172,176
2541,50.40833264,183,184,172,175
2542,50.41825066,183,183,175,178
2543,50.42816673,181,186,175,176
2544,50.43808085,182,188,176,177
2545,50.44799302,179,187,179,177
2546,50.45790325,180,188,179,175
2547,50.46781152,181,181,178,178
2548,50.47771786,183,181,176,177
2549,50.48762225,185,181,176,178
2550,50.49752469,183,183,175,178
2551,50.5074252,183,183,175,179
2552,50.51732376,184,184,175,178
2553,50.52722039,184,183,175,176
2554,50.53711507,184,183,176,178
2555,50.54700782,184,188,177,177
2556,50.55689864,183,184,182,179
2557,50.56678752,184,181,178,183
2558,50.57667447,185,183,180,183
2559,50.58655948,183,181,176,183
2560,50.59644256,184,179,179,182
2561,50.60632372,185,178,178,182
2562,50.61620294,187,179,176,182
2563,50.62608024,189,181,177,180
2564,50.6359556,186,182,175,180
2565,50.64582905,184,185,174,180
2566,50.65570057,182,186,178,181
2567,50.66557016,183,184,175,181
2568,50.67543784,186,186,176,180
2569,50.68530359,184,184,175,178
2570,50.69516742,183,185,174,177
2571,50.70502934,182,185,174,178
2572,50.71488933,184,181,174,179
2573,50.72474741,186,175,174,177
2574,50.73460358,185,183,169,177
2575,50.74445783,184,182,170,178
2576,50.75431016,179,184,176,180
2577,50.76416059,180,184,176,181
2578,50.7740091,180,184,176,180
2579,50.7838557,181,183,177,178
2580,50.7937004,182,186,178,181
2581,50.80354318,180,186,178,180
2582,50.81338406,184,185,177,180
2583,50.82322304,184,183,176,179
2584,50.83306011,183,185,176,180
2585,50.84289528,185,185,176,180
2586,50.85272854,183,186,177,180
2587,50.8625599,183,184,175,180
2588,50.87238937,183,184,178,177
2589,50.88221693,183,186,176,177
2590,50.8920426,183,187,178,177
2591,50.90186637,183,184,179,178
2592,50.91168825,186,184,174,179
2593,50.92150823,183,185,174,179
2594,50.93132631,183,185,175,178
2595,50.94114251,184,185,183,177
2596,50.95095681,185,188,184,179
2597,50.96076922,187,189,183,179
2598,50.97057975,187,187,175,178
2599,50.98038839,187,187,180,178
2600,50.99019514,185,188,181,179
2601,51,181,186,179,178
2602,51.00980298,185,191,179,180
2603,51.01960408,179,189,175,179
2604,51.02940329,180,189,183,178
2605,51.03920062,181,190,175,179
2606,51.04899607,180,187,176,178
2607,51.05878964,183,186,179,180
2608,51.06858134,183,186,180,181
2609,51.07837116,183,185,180,181
2610,51.0881591,185,179,176,180
2611,51.09794516,186,181,177,180
2612,51.10772936,186,183,180,182
2613,51.11751168,183,187,183,182
2614,51.12729212,184,184,178,181
2615,51.1370707,184,184,180,181
2616,51.14684741,184,184,176,179
2617,51.15662225,184,182,179,181
2618,51.16639522,184,184,177,181
2619,51.17616633,182,181,177,180
2620,51.18593557,183,183,172,182
2621,51.19570294,181,181,174,182
2622,51.20546846,180,180,173,183
2623,51.21523211,184,177,175,181
2624,51.2249939,183,176,175,181
2625,51.23475383,180,180,175,179
2626,51.2445119,184,180,176,178
2627,51.25426811,184,179,174,177
2628,51.26402247,182,180,176,178
2629,51.27377497,179,182,176,182
2630,51.28352562,179,184,177,178
2631,51.29327441,182,178,176,179
2632,51.30302135,179,182,177,179
2633,51.31276644,183,182,178,179
2634,51.32250968,182,180,174,177
2635,51.33225107,180,179,173,178
2636,51.34199061,182,181,173,178
2637,51.35172831,183,182,174,179
2638,51.36146415,183,180,174,178
2639,51.37119816,188,184,176,182
2640,51.38093031,185,184,179,181
2641,51.39066063,187,184,180,180
2642,51.4003891,187,184,177,179
2643,51.41011574,188,184,180,181
2644,51.41984053,186,186,179,181
2645,51.42956348,185,185,178,180
2646,51.4392846,184,182,177,178
2647,51.44900388,185,187,176,180
2648,51.45872132,181,185,181,179
2649,51.46843693,179,186,178,180
2650,51.4781507,179,185,176,177
2651,51.48786265,184,185,175,180
2652,51.49757276,186,183,176,183
2653,51.50728104,185,181,177,181
2654,51.51698749,185,180,174,177
2655,51.52669211,182,179,174,180
2656,51.53639491,181,178,171,179
2657,51.54609588,182,180,176,178
2658,51.55579502,181,182,175,180
2659,51.56549234,181,183,174,178
2660,51.57518783,183,182,173,178
2661,51.58488151,181,182,174,179
2662,51.59457336,180,182,174,178
2663,51.60426339,185,178,182,178
2664,51.6139516,186,178,179,177
2665,51.623638,190,182,177,176
2666,51.63332257,188,180,175,180
2667,51.64300533,187,181,175,180
2668,51.65268628,189,180,172,180
2669,51.66236541,188,180,173,179
2670,51.67204273,185,174,174,181
2671,51.68171824,188,174,174,180
2672,51.69139193,185,174,172,180
2673,51.70106382,188,170,170,181
